{"epsilon":0,"eval/avg_baseline_cost":2293.703857421875,"avg_reward":-9.743867874145508,"avg_imp":-9.743867874145508,"_runtime":42751,"entropy":0.6728870087199741,"value_loss":286037.6323676215,"avg_cost":2314.15087890625,"eval/avg_improvement_km":-24.44151496887207,"eval/avg_cost":2318.14501953125,"eval/avg_improvement_pct":-4.790751934051514,"avg_acceptance":0.9753332734107971,"_wandb":{"runtime":42751},"actor_loss":-0.00021948093651897379,"_step":54,"eval/avg_accepted_rate":0.9784666666666667,"epoch":50,"_timestamp":1.7651110762099698e+09,"avg_pct_tmp":{"_type":"histogram","values":[4,8,4,13,23,31,57,41,47,35,55,34,35,23,17,15,17,8,4,6,4,3,3,3,5,2,0,1,1,0,0,1],"bins":[0.2655628025531769,0.282343327999115,0.2991238236427307,0.3159043490886688,0.33268487453460693,0.34946537017822266,0.36624589562416077,0.3830264210700989,0.3998069167137146,0.4165874123573303,0.43336793780326843,0.45014846324920654,0.46692895889282227,0.4837094843387604,0.5004900097846985,0.5172705054283142,0.5340510606765747,0.5508315563201904,0.5676120519638062,0.5843925476074219,0.6011730432510376,0.6179535984992981,0.6347341537475586,0.6515146493911743,0.66829514503479,0.6850756406784058,0.7018561363220215,0.718636691570282,0.7354172468185425,0.7521977424621582,0.7689782381057739,0.7857587337493896,0.8025392889976501]}}