{"_step":3,"avg_acceptance":0.9019333124160767,"_timestamp":1.7647837916711047e+09,"_wandb":{"runtime":3261},"avg_imp":-2641.141357421875,"avg_cost":2639.57275390625,"entropy":2.7603209972381593,"epsilon":0.125,"avg_reward":-125.15735626220703,"epoch":4,"avg_pct_tmp":{"_type":"histogram","values":[5,6,11,31,41,41,42,51,38,44,34,39,33,14,18,11,8,4,8,4,3,1,3,6,1,0,0,0,1,1,0,1],"bins":[3.309868574142456,3.507194757461548,3.7045211791992188,3.9018473625183105,4.099173545837402,4.296499729156494,4.493825912475586,4.691152572631836,4.8884782791137695,5.0858049392700195,5.283131122589111,5.480457305908203,5.677783489227295,5.875109672546387,6.072436332702637,6.26976203918457,6.46708869934082,6.664414405822754,6.861741065979004,7.059067249298096,7.2563934326171875,7.4537200927734375,7.651045799255371,7.848372459411621,8.045698165893555,8.243024826049805,8.440350532531738,8.637677192687988,8.835003852844238,9.032329559326172,9.229656219482422,9.426981925964355,9.624308586120605]},"actor_loss":-0.0016399166650242275,"value_loss":3.755326140972222e+06,"_runtime":3261}