{"value_loss":2.1802677708333335e+06,"_runtime":76,"_wandb":{"runtime":76},"epsilon":0.5,"_timestamp":1.7648015649918377e+09,"avg_pct_tmp":[14.788128852844238,13.356679916381836,12.29673957824707,17.051025390625,10.932039260864258,18.731346130371094,15.8280611038208,14.260498046875,16.020753860473633,23.17465591430664],"avg_reward":-291.70294189453125,"entropy":2.767676512400309,"avg_imp":-2235.011474609375,"epoch":2,"avg_cost":2233.263427734375,"actor_loss":-0.0059646346150354175,"_step":1,"avg_acceptance":0.9466667175292969}