{"actor_loss":-0.0025079342019226816,"avg_acceptance":0.901533305644989,"_timestamp":1.76477944497781e+09,"entropy":2.7574333084954157,"avg_reward":-135.77972412109375,"value_loss":3.6577468524305555e+06,"epoch":7,"_wandb":{"runtime":4954},"_runtime":4954,"epsilon":1,"_step":6,"avg_imp":-2666.23974609375,"avg_pct_tmp":{"_type":"histogram","values":[3,6,10,18,22,43,38,45,44,35,57,29,31,31,16,13,25,8,7,8,4,1,1,2,0,1,0,1,0,0,0,1],"bins":[3.409822702407837,3.622138500213623,3.834454298019409,4.046770095825195,4.259085655212402,4.471401691436768,4.683717727661133,4.89603328704834,5.108348846435547,5.320664882659912,5.532980918884277,5.745296478271484,5.957612037658691,6.169928073883057,6.382244110107422,6.594559669494629,6.806875228881836,7.019191265106201,7.231507301330566,7.443822860717773,7.6561384201049805,7.8684539794921875,8.080770492553711,8.293086051940918,8.505401611328125,8.717717170715332,8.930033683776855,9.142349243164062,9.35466480255127,9.566980361938477,9.779296875,9.991612434387207,10.203927993774414]},"avg_cost":2664.644775390625}