{"avg_reward":-7.313063144683838,"entropy":0.5427556693553924,"eval/avg_baseline_cost":2506.197509765625,"eval/avg_accepted_rate":0.9959,"avg_pct_tmp":{"_type":"histogram","values":[1,3,9,24,45,59,54,53,74,39,46,21,25,12,9,6,9,1,2,2,0,1,0,1,0,0,0,1,1,1,0,1],"bins":[0.172190859913826,0.18831771612167358,0.20444457232952118,0.22057142853736877,0.23669829964637756,0.25282514095306396,0.26895201206207275,0.28507888317108154,0.30120572447776794,0.31733256578445435,0.33345943689346313,0.3495863080024719,0.3657131791114807,0.3818400204181671,0.3979668617248535,0.4140937328338623,0.4302206039428711,0.4463474750518799,0.4624742865562439,0.4786011576652527,0.4947280287742615,0.5108548998832703,0.5269817113876343,0.5431085824966431,0.5592354536056519,0.5753623247146606,0.5914891958236694,0.6076160073280334,0.6237428784370422,0.639869749546051,0.6559966206550598,0.6721234321594238,0.6882503032684326]},"actor_loss":-0.000258680231248339,"eval/avg_cost":2509.62890625,"avg_imp":-7.313063144683838,"_timestamp":1.7655725373754668e+09,"value_loss":111998.8552734375,"eval/avg_improvement_pct":-3.810265302658081,"_runtime":15234,"epoch":37,"epsilon":0,"eval/avg_improvement_km":-3.4317948818206787,"avg_cost":2461.87548828125,"_step":39,"avg_acceptance":0.9950666427612305,"_wandb":{"runtime":15234}}