{"_wandb":{"runtime":20941},"avg_reward":-12.567298889160156,"avg_cost":2507.069580078125,"avg_imp":-12.567298889160156,"_timestamp":1.7655938495689692e+09,"epsilon":0,"epoch":50,"eval/avg_cost":2498.16796875,"eval/avg_improvement_km":-5.415664196014404,"value_loss":111225.84716796875,"_runtime":20941,"actor_loss":5.511214646200339e-05,"eval/avg_improvement_pct":-3.4927890300750732,"eval/avg_accepted_rate":0.9892666666666666,"eval/avg_baseline_cost":2492.751953125,"avg_acceptance":0.9878666400909424,"_step":54,"avg_pct_tmp":{"values":[4,15,31,80,84,80,75,51,31,21,6,9,2,2,3,1,1,0,2,1,0,0,0,0,0,0,0,0,0,0,0,1],"bins":[0.30449751019477844,0.3417978286743164,0.37909814715385437,0.41639846563339233,0.4536988139152527,0.49099910259246826,0.5282994508743286,0.565599799156189,0.6029000878334045,0.6402003765106201,0.6775007247924805,0.7148010730743408,0.7521014213562012,0.7894017100334167,0.8267019987106323,0.8640023469924927,0.901302695274353,0.9386030435562134,0.9759032726287842,1.0132036209106445,1.0505039691925049,1.0878043174743652,1.125104546546936,1.1624048948287964,1.1997052431106567,1.237005591392517,1.2743059396743774,1.3116061687469482,1.3489065170288086,1.386206865310669,1.4235070943832397,1.4608074426651,1.4981077909469604],"_type":"histogram"},"entropy":0.5738060355186463}