{"eval/avg_baseline_cost":2497.976318359375,"eval/avg_accepted_rate":0.9920333333333333,"epoch":50,"epsilon":0,"actor_loss":-0.000928587249169747,"avg_pct_tmp":{"values":[5,5,12,21,23,30,37,37,53,40,52,39,23,35,19,18,11,7,5,7,6,2,6,1,2,1,1,0,1,0,0,1],"bins":[0.1882626712322235,0.19953252375125885,0.2108023762702942,0.22207221388816833,0.23334206640720367,0.244611918926239,0.25588178634643555,0.2671516239643097,0.27842146158218384,0.28969132900238037,0.3009611666202545,0.31223100423812866,0.3235008716583252,0.33477073907852173,0.3460405468940735,0.35731041431427,0.36858028173446655,0.3798501193523407,0.39111995697021484,0.4023898243904114,0.4136596620082855,0.42492949962615967,0.4361993670463562,0.44746920466423035,0.4587390720844269,0.470008909702301,0.48127877712249756,0.4925486147403717,0.5038184523582458,0.5150883197784424,0.5263581275939941,0.5376280546188354,0.5488978624343872],"_type":"histogram"},"_runtime":20929,"_wandb":{"runtime":20929},"eval/avg_improvement_pct":-3.5711302757263184,"avg_acceptance":0.9938666820526123,"entropy":0.5313234865665436,"eval/avg_improvement_km":-2.5029640197753906,"value_loss":94066.78639322917,"avg_reward":-7.203239917755127,"avg_imp":-7.203239917755127,"avg_cost":2464.688232421875,"eval/avg_cost":2500.4794921875,"_step":54,"_timestamp":1.7655215265088975e+09}