{"value_loss":3.548220011111111e+06,"avg_pct_tmp":{"values":[1,10,34,42,75,84,70,47,59,24,20,10,6,4,4,3,1,0,2,0,0,1,1,1,0,0,0,0,0,0,0,1],"bins":[3.052004098892212,3.351163148880005,3.6503219604492188,3.9494810104370117,4.248640060424805,4.547799110412598,4.846958160400391,5.146116733551025,5.445275783538818,5.744434833526611,6.043593406677246,6.342752456665039,6.641911506652832,6.941070556640625,7.240229606628418,7.539388656616211,7.838547706604004,8.137706756591797,8.43686580657959,8.736023902893066,9.03518295288086,9.334342002868652,9.633501052856445,9.932660102844238,10.231819152832031,10.530978202819824,10.830137252807617,11.129295349121094,11.428454399108887,11.72761344909668,12.026772499084473,12.325931549072266,12.625090599060059],"_type":"histogram"},"_timestamp":1.7647314859157364e+09,"avg_imp":-122.59587860107422,"actor_loss":-0.0029508180864569215,"avg_acceptance":0.901533305644989,"epsilon":0.17551020408163265,"epoch":7,"_wandb":{"runtime":5046},"_runtime":5046,"avg_reward":-122.59587860107422,"entropy":2.72504989306132,"_step":6,"avg_cost":2634.2216796875}