{"_wandb":{"runtime":11194},"avg_pct_tmp":{"_type":"histogram","values":[14,19,37,51,86,91,110,104,84,68,57,67,34,27,24,27,17,20,17,9,7,8,7,5,2,2,2,0,2,0,1,1],"bins":[1.1877509355545044,1.2668269872665405,1.3459030389785767,1.4249790906906128,1.5040550231933594,1.5831310749053955,1.6622071266174316,1.7412831783294678,1.820359230041504,1.89943528175354,1.9785113334655762,2.0575873851776123,2.1366634368896484,2.2157392501831055,2.2948155403137207,2.3738913536071777,2.452967643737793,2.53204345703125,2.6111197471618652,2.6901955604553223,2.7692718505859375,2.8483476638793945,2.9274237155914307,3.006499767303467,3.085575819015503,3.164651870727539,3.243727684020996,3.3228039741516113,3.4018797874450684,3.4809560775756836,3.5600318908691406,3.639108180999756,3.718184232711792]},"_step":5,"_timestamp":1.7651319220115979e+09,"_runtime":11194,"actor_loss":0.0548392772829781,"epsilon":0,"avg_imp":-41.83059310913086,"entropy":1.6302166488435534,"avg_cost":2336.10498046875,"avg_reward":-41.83059310913086,"value_loss":1.2027579453125e+06,"avg_acceptance":0.8767666816711426,"epoch":6}