{"_wandb":{"runtime":33},"_step":0,"_timestamp":1.7647873188612344e+09,"avg_imp":-2510.370361328125,"value_loss":4.0568946510416665e+06,"epsilon":1,"avg_pct_tmp":[-9.864127159118652,-8.47459888458252],"avg_reward":251.82156372070312,"actor_loss":-0.014128602978113728,"avg_cost":2508.800048828125,"epoch":1,"_runtime":33,"avg_acceptance":0.8666666746139526,"entropy":2.7693564891815186}