{"eval/avg_improvement_pct":-9.88606071472168,"eval/avg_baseline_cost":2123.99951171875,"avg_imp":-311.949462890625,"avg_cost":2414.956298828125,"value_loss":738238.4066927084,"entropy":2.683070799509684,"_step":29,"eval/avg_improvement_km":-98.01559448242188,"_runtime":45266,"epoch":28,"avg_acceptance":1,"_wandb":{"runtime":45266},"avg_pct_tmp":{"values":[4,19,61,91,108,194,116,98,89,53,59,32,17,15,15,6,7,8,2,1,1,0,1,0,2,0,0,0,0,0,0,1],"bins":[8.611342430114746,9.598993301391602,10.586645126342773,11.574295997619629,12.561946868896484,13.54959774017334,14.537248611450195,15.524900436401367,16.512550354003906,17.500202178955078,18.48785400390625,19.475505828857422,20.46315574645996,21.4508056640625,22.438457489013672,23.426109313964844,24.413761138916016,25.401412963867188,26.389060974121094,27.376712799072266,28.364364624023438,29.35201644897461,30.33966827392578,31.327316284179688,32.31496810913086,33.30261993408203,34.2902717590332,35.277923583984375,36.26557540893555,37.25322341918945,38.240875244140625,39.2285270690918,40.21617889404297],"_type":"histogram"},"eval/avg_cost":2222.014892578125,"_timestamp":1.765039195015516e+09,"epsilon":1,"avg_reward":-311.949462890625,"eval/avg_accepted_rate":1,"actor_loss":-0.008916832997929305}