{"_timestamp":1.764873056512186e+09,"eval/avg_improvement_pct":-11.763301849365234,"eval/avg_accepted_rate":0.24895833333333334,"epoch":10,"avg_acceptance":0.29333335161209106,"_runtime":1489,"avg_imp":-2106.002685546875,"eval/avg_cost":2196.683349609375,"avg_pct_tmp":[7.137314796447754,7.895659446716309,6.311298847198486,7.206503868103027,5.440436840057373,5.412263870239258,7.889491081237793,5.2154412269592285,9.413540840148926,5.257261276245117,7.929557800292969,8.91319751739502,4.9995574951171875,8.867457389831543,8.228008270263672,5.668767929077148,7.266711235046387,5.439446926116943,7.721678256988525,4.9371185302734375],"avg_cost":2105.685791015625,"entropy":2.74637770652771,"eval/avg_baseline_cost":2041.640625,"_wandb":{"runtime":1489},"epsilon":0.001953125,"actor_loss":-0.004394882940687239,"_step":10,"eval/avg_improvement_km":-155.04270935058594,"avg_reward":-129.59951782226562,"value_loss":1.1655306432291667e+06}