{"_runtime":37401,"epoch":50,"avg_pct_tmp":{"bins":[0.12143363803625107,0.12801913917064667,0.13460464775562286,0.14119015634059906,0.14777566492557526,0.15436115860939026,0.16094666719436646,0.16753217577934265,0.17411768436431885,0.18070319294929504,0.18728870153427124,0.19387421011924744,0.20045971870422363,0.20704521238803864,0.21363072097301483,0.22021621465682983,0.22680172324180603,0.23338723182678223,0.23997274041175842,0.24655824899673462,0.2531437575817108,0.259729266166687,0.2663147747516632,0.2729002833366394,0.2794857919216156,0.2860712707042694,0.2926567792892456,0.2992422878742218,0.305827796459198,0.3124133050441742,0.3189988136291504,0.3255843222141266,0.3321698307991028],"_type":"histogram","values":[8,9,14,26,37,25,42,44,43,35,49,21,27,33,14,9,14,13,10,8,5,4,1,5,0,0,1,1,0,0,0,2]},"eval/avg_cost":2545.232177734375,"eval/avg_baseline_cost":2501.2314453125,"_step":54,"eval/avg_improvement_km":-44.000762939453125,"_timestamp":1.765363337303794e+09,"entropy":1.000819440682729,"actor_loss":-0.00034665302373468874,"epsilon":0,"avg_reward":-4.51687479019165,"_wandb":{"runtime":37401},"avg_imp":-4.51687479019165,"value_loss":855003.6327256944,"eval/avg_accepted_rate":1,"eval/avg_improvement_pct":-5.469928741455078,"avg_cost":2515.42041015625,"avg_acceptance":1}