{"actor_loss":-0.0069302928799667525,"_runtime":107,"avg_cost":2528.246826171875,"value_loss":4.082203109375e+06,"_wandb":{"runtime":107},"_step":2,"entropy":2.7657533486684165,"avg_imp":-2529.81689453125,"_timestamp":1.7647966909661834e+09,"epoch":3,"avg_reward":-162.0199432373047,"avg_acceptance":0.9033333659172058,"epsilon":0.25,"avg_pct_tmp":[5.40035343170166,5.951822757720947,7.22633695602417,7.346480369567871,6.317533016204834,8.563677787780762,10.479754447937012,7.061306476593018,5.890833377838135,6.5845489501953125]}