{"eval/avg_improvement_km":-130.47390747070312,"eval/avg_accepted_rate":1,"entropy":2.7433770444658068,"actor_loss":-0.003646549163386226,"avg_acceptance":1,"_timestamp":1.7649866302639682e+09,"eval/avg_cost":2236.368896484375,"value_loss":601508.5347222222,"epoch":17,"avg_pct_tmp":{"values":[13,11,14,33,43,44,57,33,39,37,39,26,15,23,18,15,7,8,4,3,4,4,1,3,1,1,0,0,1,1,1,1],"bins":[10.071564674377441,10.761455535888672,11.451345443725586,12.141236305236816,12.831127166748047,13.521018028259277,14.210908889770508,14.900798797607422,15.590689659118652,16.280580520629883,16.970470428466797,17.660362243652344,18.350252151489258,19.040142059326172,19.73003387451172,20.419923782348633,21.109813690185547,21.799705505371094,22.48959732055664,23.179485321044922,23.86937713623047,24.559268951416016,25.249156951904297,25.939048767089844,26.62894058227539,27.318828582763672,28.00872039794922,28.698612213134766,29.388500213623047,30.078392028808594,30.76828384399414,31.458175659179688,32.14806365966797],"_type":"histogram"},"epsilon":1,"eval/avg_improvement_pct":-10.71574878692627,"_runtime":6183,"_step":17,"_wandb":{"runtime":6183},"avg_cost":2419.5986328125,"avg_reward":-324.94708251953125,"eval/avg_baseline_cost":2105.895263671875,"avg_imp":-324.94708251953125}