{"avg_reward":-211.1077117919922,"_step":6,"_runtime":761,"value_loss":2.0418841953125e+06,"entropy":2.7524914741516113,"avg_pct_tmp":[8.783653259277344,10.436413764953613,8.181838035583496,11.34225845336914,16.848859786987305,11.543408393859863,12.422123908996582,10.956013679504395,8.61418342590332,11.217005729675293,7.608584403991699,10.563223838806152,8.558192253112793,11.687089920043945,11.249382019042969,12.842668533325195,13.103466987609863,11.388864517211914,8.610669136047363,8.787736892700195],"actor_loss":0.3659179011980693,"_timestamp":1.7648776233542423e+09,"avg_acceptance":0.8833333849906921,"epsilon":0.015625,"epoch":7,"avg_cost":2250.261474609375,"_wandb":{"runtime":761},"avg_imp":-2250.7978515625}