{"eval/avg_improvement_pct":-4.098328113555908,"_step":54,"epsilon":0,"eval/avg_improvement_km":-13.884098052978516,"actor_loss":9.179556121428808e-05,"avg_cost":2770.197265625,"_runtime":38686,"avg_reward":7.319003105163574,"_timestamp":1.7658546371119406e+09,"eval/avg_baseline_cost":2769.02587890625,"avg_pct_tmp":{"_type":"histogram","values":[1,0,0,0,0,1,0,0,0,2,2,1,1,4,8,5,4,12,13,26,25,34,47,43,52,62,51,43,27,22,10,4],"bins":[-0.5718263983726501,-0.5591633915901184,-0.5465003848075867,-0.5338373780250549,-0.5211743116378784,-0.5085113048553467,-0.49584829807281494,-0.4831852912902832,-0.47052228450775146,-0.4578592777252197,-0.445196270942688,-0.43253323435783386,-0.4198702275753021,-0.4072072207927704,-0.39454418420791626,-0.3818811774253845,-0.3692181706428528,-0.35655516386032104,-0.3438921570777893,-0.3312291204929352,-0.31856611371040344,-0.3059031069278717,-0.2932400703430176,-0.28057706356048584,-0.2679140567779541,-0.25525104999542236,-0.24258804321289062,-0.2299250066280365,-0.21726199984550476,-0.20459899306297302,-0.1919359564781189,-0.17927294969558716,-0.16660994291305542]},"epoch":50,"avg_acceptance":1,"avg_imp":7.319003105163574,"eval/avg_cost":2782.91015625,"value_loss":1.5080124818576388e+06,"_wandb":{"runtime":38686},"entropy":0.4710445847776201,"eval/avg_accepted_rate":1}