{"avg_cost":2742.74169921875,"avg_reward":-284.131591796875,"avg_acceptance":0.8999999761581421,"actor_loss":-0.010215174639597535,"avg_imp":-2744.332275390625,"_step":1,"epsilon":0.5,"avg_pct_tmp":[10.870737075805664,12.317864418029785],"epoch":2,"_runtime":49,"_timestamp":1.7647721265920568e+09,"value_loss":2.4836017838541665e+06,"entropy":2.7676800886789956,"_wandb":{"runtime":49}}