{"_wandb":{"runtime":481},"value_loss":882170.2962239584,"avg_cost":2129.97998046875,"avg_reward":-153.92337036132812,"epsilon":0.0078125,"_step":7,"_timestamp":1.7648271520105538e+09,"entropy":2.76067852973938,"avg_imp":-2130.280029296875,"avg_pct_tmp":[8.946076393127441,8.917571067810059,7.978534698486328,5.516664505004883,11.299328804016113,8.351019859313965,7.348748207092285,8.244193077087402,6.933321952819824,6.963223934173584],"epoch":8,"actor_loss":-0.007426869842068602,"avg_acceptance":0.2666667103767395,"_runtime":481}