{"avg_reward":-71.06192779541016,"avg_imp":-71.06192779541016,"epsilon":0,"eval/avg_improvement_km":-62.07042694091797,"avg_cost":2842.027099609375,"avg_pct_tmp":{"_type":"histogram","values":[1,6,13,22,25,49,41,67,40,54,26,41,16,22,13,11,12,11,3,6,8,5,2,3,1,0,0,0,0,1,0,1],"bins":[1.6245152950286865,1.7295128107070923,1.8345102071762085,1.9395077228546143,2.0445051193237305,2.149502754211426,2.254500150680542,2.359497547149658,2.4644951820373535,2.5694925785064697,2.674489974975586,2.7794876098632812,2.8844850063323975,2.9894824028015137,3.094480037689209,3.199477434158325,3.3044748306274414,3.4094724655151367,3.514469861984253,3.619467258453369,3.7244648933410645,3.8294622898101807,3.934459924697876,4.039457321166992,4.1444549560546875,4.249452590942383,4.35444974899292,4.459446907043457,4.564444541931152,4.669442176818848,4.774439811706543,4.879437446594238,4.984434604644775]},"avg_acceptance":1,"value_loss":3.436002196875e+06,"_runtime":4170,"epoch":10,"entropy":1.887302323182424,"_timestamp":1.7657460982692435e+09,"eval/avg_improvement_pct":-5.461044788360596,"_wandb":{"runtime":4170},"eval/avg_cost":2804.45068359375,"eval/avg_accepted_rate":1,"_step":10,"actor_loss":0.08082712609320879,"eval/avg_baseline_cost":2742.38037109375}