{"eval/avg_baseline_cost":2091.6962890625,"epoch":15,"avg_imp":-30.331562042236328,"avg_acceptance":0.9940000176429749,"eval/avg_improvement_pct":-5.76350736618042,"avg_reward":-30.331562042236328,"_runtime":12514,"value_loss":1.1122910641927083e+06,"epsilon":0,"avg_cost":2150.89697265625,"eval/avg_accepted_rate":0.9921333333333334,"actor_loss":0.00487969300399224,"_wandb":{"runtime":12514},"eval/avg_cost":2111.430908203125,"_step":15,"avg_pct_tmp":{"values":[5,9,30,40,43,63,53,37,47,24,33,23,19,14,8,7,9,9,5,2,6,0,3,3,2,0,4,0,1,0,0,1],"bins":[0.9065315127372742,0.9771706461906433,1.0478097200393677,1.1184488534927368,1.189087986946106,1.259727120399475,1.3303662538528442,1.4010053873062134,1.4716445207595825,1.5422836542129517,1.6129227876663208,1.68356192111969,1.7542009353637695,1.8248400688171387,1.8954792022705078,1.966118335723877,2.036757469177246,2.1073966026306152,2.1780357360839844,2.2486748695373535,2.3193140029907227,2.389953136444092,2.460592269897461,2.53123140335083,2.601870536804199,2.6725096702575684,2.7431488037109375,2.8137879371643066,2.884427070617676,2.955066204071045,3.025705337524414,3.096344470977783,3.1669836044311523],"_type":"histogram"},"eval/avg_improvement_km":-19.734901428222656,"_timestamp":1.764965609528912e+09,"entropy":0.8576726794242859}