{"avg_pct_tmp":[-3.3290140628814697,-3.813774585723877,-3.2816200256347656,-4.075883865356445,-9.910351753234863,-3.3321824073791504,-3.595350742340088,-3.5903632640838623,-4.508569240570068,-3.188610553741455],"value_loss":515206.3515625,"epsilon":0.5,"entropy":2.767266829808553,"avg_cost":1988.6185302734375,"epoch":2,"_timestamp":1.7648276166213212e+09,"_runtime":96,"avg_acceptance":0.23666664958000183,"_step":1,"avg_reward":79.37027740478516,"_wandb":{"runtime":96},"actor_loss":-0.006435872055590153,"avg_imp":-1988.826416015625}