{"entropy":2.7672760486602783,"avg_imp":-2147.75341796875,"epsilon":0.5,"_wandb":{"runtime":198},"_step":1,"avg_acceptance":0.2566666603088379,"_timestamp":1.764870261872807e+09,"avg_pct_tmp":[6.579601764678955,9.87644100189209,6.493002891540527,4.861608028411865,9.704964637756348,5.4330902099609375,6.891053199768066,7.885135650634766,7.127776622772217,6.313678741455078,6.370748043060303,7.072572231292725,7.644908905029297,8.642598152160645,8.643754005432129,5.4186177253723145,6.761933326721191,7.685049533843994,8.772825241088867,6.250778675079346],"avg_reward":-140.02197265625,"_runtime":198,"epoch":2,"avg_cost":2147.4716796875,"actor_loss":-0.005388552982670565,"value_loss":869147.1106770834}