{"entropy":2.7644855234358046,"avg_reward":-116.11714935302734,"_runtime":3772,"avg_cost":2622.516357421875,"epoch":6,"epsilon":0.03125,"avg_acceptance":0.899733304977417,"avg_imp":-2626.8974609375,"actor_loss":-0.0015894978565888273,"value_loss":3.511947464583333e+06,"_step":5,"_wandb":{"runtime":3772},"avg_pct_tmp":{"bins":[2.807062864303589,3.0099029541015625,3.2127432823181152,3.415583372116089,3.6184234619140625,3.821263551712036,4.02410364151001,4.2269439697265625,4.429783821105957,4.63262414932251,4.8354644775390625,5.038304328918457,5.24114465713501,5.4439849853515625,5.646824836730957,5.84966516494751,6.0525054931640625,6.255345344543457,6.458185195922852,6.6610260009765625,6.863865852355957,7.066705703735352,7.2695465087890625,7.472386360168457,7.675226211547852,7.8780670166015625,8.080906867980957,8.283746719360352,8.486587524414062,8.689427375793457,8.892267227172852,9.095107078552246,9.297947883605957],"_type":"histogram","values":[1,4,9,18,25,39,41,51,51,56,55,27,35,21,17,11,4,8,7,4,3,0,5,3,0,0,0,2,0,0,1,2]},"_timestamp":1.7647716240188713e+09}