{"value_loss":2.0525118841145833e+06,"eval/avg_accepted_rate":0.9818000000000001,"avg_cost":2159.471435546875,"actor_loss":0.2605953206618627,"epoch":10,"_step":10,"avg_imp":-22.577617645263672,"avg_reward":-22.577617645263672,"entropy":1.933585286140442,"eval/avg_improvement_km":-48.60298538208008,"eval/avg_improvement_pct":-6.606853485107422,"_wandb":{"runtime":8817},"eval/avg_cost":2147.495849609375,"avg_pct_tmp":{"_type":"histogram","values":[5,9,18,24,39,50,55,51,45,47,28,26,15,15,12,11,13,10,11,4,2,2,1,3,1,0,0,1,0,0,0,2],"bins":[0.6559332609176636,0.7059853672981262,0.7560374140739441,0.8060895204544067,0.8561416268348694,0.906193733215332,0.9562457799911499,1.0062978267669678,1.0563499927520752,1.106402039527893,1.156454086303711,1.2065062522888184,1.2565582990646362,1.306610345840454,1.3566625118255615,1.4067145586013794,1.4567666053771973,1.5068187713623047,1.5568708181381226,1.6069228649139404,1.6569750308990479,1.7070270776748657,1.7570792436599731,1.807131290435791,1.8571833372116089,1.9072355031967163,1.9572875499725342,2.0073394775390625,2.05739164352417,2.1074438095092773,2.1574959754943848,2.207548141479492,2.2576000690460205]},"_runtime":8817,"_timestamp":1.7649513441805608e+09,"eval/avg_baseline_cost":2098.892822265625,"epsilon":0.001953125,"avg_acceptance":0.9603332877159119}