{"_timestamp":1.7647925859073744e+09,"epoch":1,"value_loss":3.3684604557291665e+06,"avg_imp":-2664.19677734375,"avg_reward":-3.0932555198669434,"avg_pct_tmp":[0.11319292336702347,0.11088033020496368,0.13412025570869446,0.1440201848745346,0.10256018489599228,0.13678395748138428,0.11027952283620834,0.10231652110815048,0.11398465931415558,0.10996459424495697],"avg_cost":2662.596435546875,"epsilon":1,"_wandb":{"runtime":41},"avg_acceptance":0.9100000262260437,"actor_loss":-0.007853693522823354,"entropy":2.768999179204305,"_runtime":41,"_step":0}