{"_step":26,"_wandb":{"runtime":10302},"epoch":25,"avg_acceptance":1,"entropy":0.714641257127126,"avg_reward":-9.647947311401367,"eval/avg_improvement_pct":-4.575254917144775,"_timestamp":1.7657563813680534e+09,"eval/avg_improvement_km":-42.791648864746094,"epsilon":0,"avg_imp":-9.647947311401367,"eval/avg_cost":2815.421142578125,"_runtime":10302,"avg_cost":2789.92431640625,"avg_pct_tmp":{"values":[2,8,24,31,70,53,67,56,49,31,34,21,16,9,5,7,7,2,2,2,0,0,0,0,1,1,0,1,0,0,0,1],"bins":[0.21451884508132935,0.23352928459644318,0.252539724111557,0.27155014872550964,0.29056060314178467,0.3095710277557373,0.32858145236968994,0.34759190678596497,0.36660236120224,0.3856127858161926,0.40462321043014526,0.4236336648464203,0.4426440894603729,0.46165454387664795,0.4806649684906006,0.4996754229068756,0.5186858177185059,0.5376962423324585,0.5567067265510559,0.5757171511650085,0.594727635383606,0.6137380599975586,0.6327484846115112,0.6517589092254639,0.6707693338394165,0.6897797584533691,0.7087901830673218,0.7278006672859192,0.7468110918998718,0.7658215165138245,0.7848320007324219,0.8038424253463745,0.8228528499603271],"_type":"histogram"},"actor_loss":0.004064521876474222,"value_loss":3.35639949375e+06,"eval/avg_accepted_rate":1,"eval/avg_baseline_cost":2772.629638671875}