{"value_loss":2.0456937486979167e+06,"avg_reward":-177.84432983398438,"avg_acceptance":0.8966667056083679,"_runtime":85,"avg_imp":-2462.18603515625,"_timestamp":1.764802364157562e+09,"epoch":2,"_wandb":{"runtime":85},"actor_loss":-0.006826880902129536,"epsilon":0.5,"entropy":2.768922805786133,"avg_pct_tmp":[6.968827724456787,9.57500171661377,7.023873805999756,7.653998374938965,6.836316108703613,7.966098785400391,10.053011894226074,8.990748405456543,6.900373935699463,7.348844528198242],"_step":1,"avg_cost":2460.5400390625}