epoch,step,train/bl_loss_epoch,train/bl_val_epoch,train/loss_epoch,train/reinforce_loss_epoch,train/reward_epoch,val/reward
0,3,,,,,,-938.71142578125
0,3,0.0,-828.0010375976562,58.632511138916016,58.632511138916016,-812.6187744140625,
1,7,,,,,,-823.72216796875
1,7,0.0,-881.7158203125,-73.71620178222656,-73.71620178222656,-921.21240234375,
