{"epsilon":1,"entropy":2.7689088185628257,"avg_imp":-2040.574462890625,"avg_cost":2040.2734375,"avg_pct_tmp":[1.3134996891021729,1.0931153297424316,1.3669524192810059,1.3639729022979736,1.2155632972717285,1.3648406267166138,1.0877492427825928,1.227485179901123,0.9732716679573059,1.3763898611068726,1.0785317420959473,0.9537675380706787,0.9838770031929016,0.8588956594467163,1.021454095840454,1.759917974472046,0.899452269077301,1.0107908248901367,0.894020676612854,1.2366491556167603],"_runtime":87,"value_loss":1.1531756653645833e+06,"epoch":1,"_step":0,"avg_reward":-22.52765655517578,"avg_acceptance":0.27166667580604553,"actor_loss":-0.0049936020708022015,"_timestamp":1.7648871750527785e+09,"_wandb":{"runtime":87}}