{"actor_loss":0.0012497086621200044,"eval/avg_improvement_km":-26.111726760864258,"avg_reward":-19.852785110473633,"epsilon":0,"_step":23,"epoch":22,"eval/avg_cost":2513.58056640625,"eval/avg_baseline_cost":2487.46875,"_timestamp":1.7654907843344152e+09,"_wandb":{"runtime":9825},"avg_cost":2508.8740234375,"avg_pct_tmp":{"values":[2,6,9,11,24,22,34,44,36,50,24,52,33,27,36,21,15,15,10,7,4,5,5,1,2,2,1,0,1,0,0,1],"bins":[0.5021740794181824,0.5315568447113037,0.560939610004425,0.5903223752975464,0.6197051405906677,0.6490879058837891,0.6784706711769104,0.7078534364700317,0.7372362017631531,0.7666189670562744,0.7960017919540405,0.8253844976425171,0.8547673225402832,0.8841500282287598,0.9135328531265259,0.9429155588150024,0.9722983837127686,1.0016810894012451,1.0310639142990112,1.0604467391967773,1.089829444885254,1.1192121505737305,1.1485949754714966,1.1779778003692627,1.2073605060577393,1.2367432117462158,1.266126036643982,1.295508861541748,1.3248915672302246,1.3542742729187012,1.3836570978164673,1.4130399227142334,1.44242262840271],"_type":"histogram"},"value_loss":88098.18322482638,"_runtime":9825,"eval/avg_improvement_pct":-4.366352081298828,"avg_acceptance":0.9894666075706482,"avg_imp":-19.852785110473633,"entropy":0.604413984881507,"eval/avg_accepted_rate":0.9932000000000001}