{"avg_cost":2751.876953125,"eval/avg_improvement_pct":-4.114951133728027,"_step":31,"entropy":0.6191209892431895,"avg_acceptance":0.9948000311851501,"_wandb":{"runtime":12585},"_timestamp":1.7656515215154772e+09,"actor_loss":5.38214963550369e-05,"eval/avg_cost":2800.451904296875,"value_loss":282202.42330729164,"avg_imp":-20.09878158569336,"epsilon":0,"_runtime":12585,"eval/avg_baseline_cost":2781.22265625,"epoch":30,"avg_reward":-20.09878158569336,"eval/avg_accepted_rate":0.9892666666666666,"avg_pct_tmp":{"_type":"histogram","values":[2,4,13,12,23,29,35,32,41,30,45,34,33,32,23,27,19,10,16,11,9,3,5,2,0,1,4,1,1,2,0,1],"bins":[0.4670823812484741,0.4930092394351959,0.5189360976219177,0.5448629260063171,0.5707898139953613,0.5967166423797607,0.6226434707641602,0.6485703587532043,0.6744972467422485,0.700424075126648,0.7263509035110474,0.7522777915000916,0.778204619884491,0.8041315078735352,0.8300583362579346,0.855985164642334,0.8819120526313782,0.9078389406204224,0.9337657690048218,0.9596925973892212,0.9856194853782654,1.0115463733673096,1.037473201751709,1.0634000301361084,1.0893268585205078,1.1152536869049072,1.1411805152893066,1.1671074628829956,1.193034291267395,1.218961238861084,1.2448880672454834,1.2708148956298828,1.2967417240142822]},"eval/avg_improvement_km":-19.22900390625}