{"_timestamp":1.764885112215528e+09,"_step":0,"actor_loss":-0.005202633217171145,"value_loss":1.1961614114583333e+06,"entropy":2.769241730372111,"_wandb":{"runtime":113},"_runtime":113,"avg_acceptance":0.2783333361148834,"epsilon":1,"avg_reward":2.4371490478515625,"avg_imp":-2206.52783203125,"avg_cost":2206.23583984375,"epoch":1,"avg_pct_tmp":[-0.1698850393295288,-0.12234195321798325,-0.07764311134815216,-0.0741318017244339,-0.09463968127965927,-0.10131873190402985,-0.1476408988237381,-0.12243106961250305,-0.14533716440200806,-0.09213533252477646,-0.15573851764202118,-0.12515971064567566,-0.15458282828330994,-0.13007715344429016,-0.12082570791244507,-0.10302472114562988,-0.09085141867399216,-0.10358811169862747,-0.10678322613239288,-0.08968357741832733]}