{"epsilon":2.3283064365386963e-10,"_runtime":28099,"eval/avg_baseline_cost":2086.731689453125,"epoch":33,"actor_loss":0.000380239074325396,"entropy":0.5680477499961853,"_step":35,"eval/avg_improvement_pct":-5.827913284301758,"value_loss":189435.9115559896,"avg_reward":-12.718358993530273,"_wandb":{"runtime":28099},"avg_imp":-12.718358993530273,"avg_pct_tmp":{"bins":[0.34720098972320557,0.37798139452934265,0.40876176953315735,0.43954217433929443,0.47032254934310913,0.5011029243469238,0.5318833589553833,0.562663733959198,0.5934441089630127,0.6242245435714722,0.6550049185752869,0.6857852935791016,0.716565728187561,0.7473461031913757,0.7781264781951904,0.8089069128036499,0.8396872878074646,0.8704676628112793,0.9012480974197388,0.9320284724235535,0.9628088474273682,0.9935892820358276,1.024369716644287,1.055150032043457,1.0859304666519165,1.116710901260376,1.147491216659546,1.1782715320587158,1.2090520858764648,1.2398324012756348,1.2706127166748047,1.3013932704925537,1.3321735858917236],"_type":"histogram","values":[2,5,6,26,34,58,60,55,39,41,25,26,28,16,17,14,10,9,3,8,3,2,5,3,1,0,2,1,0,0,0,1]},"eval/avg_accepted_rate":0.9920333333333333,"eval/avg_cost":2110.14599609375,"eval/avg_improvement_km":-23.414499282836914,"avg_cost":2116.97216796875,"avg_acceptance":0.9915333390235901,"_timestamp":1.7649423522436771e+09}