{"avg_reward":-112.95146179199219,"_runtime":689,"avg_cost":2643.71240234375,"actor_loss":-0.002139912783685658,"value_loss":3.717160980208333e+06,"epsilon":1,"_timestamp":1.7647733453789077e+09,"epoch":1,"_wandb":{"runtime":689},"avg_acceptance":0.9023332595825195,"_step":0,"avg_imp":-2645.342041015625,"avg_pct_tmp":{"_type":"histogram","values":[1,5,12,27,22,49,45,37,51,34,44,28,33,30,17,10,11,7,6,8,4,5,3,0,3,4,1,1,0,0,0,2],"bins":[2.9070918560028076,3.0790016651153564,3.2509117126464844,3.422821521759033,3.594731330871582,3.766641139984131,3.9385509490966797,4.110461235046387,4.282370567321777,4.454280853271484,4.626190662384033,4.798100471496582,4.970010280609131,5.14192008972168,5.313830375671387,5.485739707946777,5.657649993896484,5.829559326171875,6.001469612121582,6.173379421234131,6.34528923034668,6.5171990394592285,6.689108848571777,6.861019134521484,7.032928466796875,7.204838752746582,7.376748085021973,7.54865837097168,7.720568656921387,7.892477989196777,8.064388275146484,8.236297607421875,8.408207893371582]},"entropy":2.767347362306383}