{"avg_reward":-24.765329360961914,"avg_imp":-2172.81298828125,"actor_loss":-0.0046034646948101,"_wandb":{"runtime":192},"_timestamp":1.7648750576438537e+09,"_runtime":192,"value_loss":678295.0592447916,"entropy":2.7681894302368164,"avg_cost":2172.520751953125,"epsilon":0.5,"_step":1,"epoch":2,"avg_acceptance":0.2683333158493042,"avg_pct_tmp":[1.2387250661849976,1.0075997114181519,1.0479329824447632,1.5343143939971924,1.1875908374786377,1.3195548057556152,0.8679338693618774,1.364121437072754,0.8161845803260803,1.2287684679031372,1.361421823501587,1.0222042798995972,1.5201407670974731,1.4080311059951782,1.1357252597808838,0.841323733329773,1.3178229331970215,0.9656782150268555,1.1249686479568481,1.712679147720337]}