{"_step":40,"avg_cost":2476.7294921875,"eval/avg_cost":2486.851318359375,"avg_acceptance":0.982999861240387,"_runtime":16700,"epoch":38,"_wandb":{"runtime":16700},"eval/avg_baseline_cost":2491.369140625,"entropy":0.48942643801371255,"avg_imp":-11.635391235351562,"value_loss":84516.45700954861,"eval/avg_accepted_rate":0.9829333333333334,"avg_pct_tmp":{"values":[6,17,24,39,71,57,50,56,44,36,29,21,9,6,12,7,3,3,0,7,1,0,0,0,0,0,0,1,0,0,0,1],"bins":[0.3099672198295593,0.33441126346588135,0.358855277299881,0.383299320936203,0.40774333477020264,0.43218737840652466,0.4566314220428467,0.4810754358768463,0.505519449710846,0.529963493347168,0.55440753698349,0.578851580619812,0.6032955646514893,0.6277396082878113,0.6521836519241333,0.6766276359558105,0.7010717391967773,0.7255157232284546,0.7499597668647766,0.7744038105010986,0.7988477945327759,0.8232918381690979,0.8477358818054199,0.8721799254417419,0.896623969078064,0.921068012714386,0.9455119967460632,0.9699560403823853,0.9944000840187073,1.0188441276550293,1.0432881116867065,1.0677320957183838,1.0921761989593506],"_type":"histogram"},"avg_reward":-11.635391235351562,"epsilon":0,"_timestamp":1.7654808358284857e+09,"actor_loss":-0.00056067221901483,"eval/avg_improvement_pct":-2.7908668518066406,"eval/avg_improvement_km":4.518095016479492}