{
    "5 req": {
        "or_tools": [
            48.659302047161766,
            32.40037025742351,
            50.80177776285498,
            46.36697273680569,
            34.50600764256203,
            33.11405196033615,
            23.93239224686773,
            36.38846878975855,
            31.896197315207527,
            33.42857315780362
        ],
        "neural": [
            51.07380294799805,
            32.80659484863281,
            54.378326416015625,
            46.977272033691406,
            43.08580017089844,
            37.31871795654297,
            29.36719512939453,
            46.37034606933594,
            32.012306213378906,
            34.657711029052734
        ]
    },
    "10 req": {
        "or_tools": [
            Infinity,
            65.32843052551499,
            Infinity,
            Infinity,
            Infinity,
            Infinity,
            Infinity,
            Infinity,
            Infinity,
            Infinity
        ],
        "neural": [
            101.5571517944336,
            146.6912841796875,
            91.87400817871094,
            92.77897644042969,
            88.12203216552734,
            92.8416519165039,
            85.15619659423828,
            72.70983123779297,
            80.2004165649414,
            86.87460327148438
        ]
    },
    "15 req": {
        "or_tools": [
            Infinity,
            Infinity,
            Infinity,
            Infinity,
            Infinity,
            Infinity,
            Infinity,
            Infinity,
            Infinity,
            Infinity
        ],
        "neural": [
            109.14093780517578,
            200.50311279296875,
            124.41117858886719,
            103.03286743164062,
            114.60308074951172,
            108.5803451538086,
            125.16339111328125,
            124.34749603271484,
            121.68704223632812,
            188.90150451660156
        ]
    },
    "20 req": {
        "or_tools": [
            Infinity,
            Infinity,
            Infinity,
            Infinity,
            Infinity,
            Infinity,
            Infinity,
            Infinity,
            Infinity,
            Infinity
        ],
        "neural": [
            155.6593017578125,
            125.46308135986328,
            161.05662536621094,
            144.6281280517578,
            121.25218200683594,
            146.18814086914062,
            134.74359130859375,
            186.55484008789062,
            166.17276000976562,
            130.2236328125
        ]
    },
    "25 req": {
        "or_tools": [
            Infinity,
            Infinity,
            Infinity,
            Infinity,
            Infinity,
            Infinity,
            Infinity,
            Infinity,
            Infinity,
            Infinity
        ],
        "neural": [
            172.7115478515625,
            193.38156127929688,
            205.10067749023438,
            222.03440856933594,
            163.57643127441406,
            179.71347045898438,
            267.5071716308594,
            188.47528076171875,
            174.56385803222656,
            188.51718139648438
        ]
    },
    "30 req": {
        "or_tools": [
            Infinity,
            Infinity,
            Infinity,
            Infinity,
            Infinity,
            Infinity,
            Infinity,
            Infinity,
            Infinity,
            Infinity
        ],
        "neural": [
            211.70379638671875,
            222.69821166992188,
            184.3228302001953,
            245.44419860839844,
            186.401123046875,
            213.55593872070312,
            212.71884155273438,
            256.239501953125,
            280.11968994140625,
            209.21884155273438
        ]
    }
}