{"avg_cost":2716.068359375,"avg_pct_tmp":[11.478275299072266,7.693429946899414,9.29407024383545,7.926523685455322,8.754789352416992,8.711908340454102,8.769847869873047,9.288113594055176,16.559772491455078,8.161438941955566],"epsilon":1,"value_loss":3.97655121875e+06,"_runtime":46,"avg_reward":-229.44100952148438,"_step":0,"entropy":2.7694572607676187,"avg_acceptance":0.90666663646698,"_wandb":{"runtime":46},"actor_loss":-0.007221319499270369,"_timestamp":1.7647962217032404e+09,"epoch":1,"avg_imp":-2717.66455078125}