{"_timestamp":1.7647805837050202e+09,"avg_reward":-114.56889343261719,"actor_loss":-0.0019445304810586904,"_wandb":{"runtime":1116},"_step":0,"epsilon":1,"epoch":1,"entropy":2.767802280849881,"avg_cost":2618.623291015625,"avg_acceptance":0.8995333313941956,"_runtime":1116,"avg_pct_tmp":{"_type":"histogram","values":[5,5,21,27,49,40,54,54,65,36,39,27,17,17,8,6,12,4,3,3,4,0,1,0,0,0,0,0,2,0,0,1],"bins":[2.9110219478607178,3.1273598670959473,3.3436977863311768,3.5600357055664062,3.7763733863830566,3.9927115440368652,4.209049224853516,4.425387382507324,4.641725063323975,4.858062744140625,5.074400901794434,5.290739059448242,5.507076263427734,5.723414421081543,5.939752578735352,6.156090259552002,6.372427940368652,6.588766098022461,6.8051042556762695,7.021441459655762,7.23777961730957,7.454117774963379,7.6704559326171875,7.88679313659668,8.103131294250488,8.319469451904297,8.535806655883789,8.752144813537598,8.968482971191406,9.184821128845215,9.401158332824707,9.617496490478516,9.833834648132324]},"value_loss":3.661008682986111e+06,"avg_imp":-2623.011474609375}