{"epsilon":0.05,"epoch":3,"avg_imp":-123.75929260253906,"_timestamp":1.7647376561959655e+09,"actor_loss":-0.002661736309528351,"_wandb":{"runtime":2203},"_runtime":2203,"avg_cost":2651.03466796875,"_step":2,"avg_pct_tmp":{"_type":"histogram","values":[2,7,17,39,33,39,50,59,40,44,30,29,24,9,23,13,8,11,5,6,2,1,3,1,0,0,1,0,2,0,1,1],"bins":[3.157386541366577,3.3690426349639893,3.5806987285614014,3.7923545837402344,4.0040106773376465,4.215666770935059,4.427322864532471,4.638978958129883,4.850635051727295,5.062291145324707,5.273947238922119,5.485603332519531,5.697258949279785,5.9089155197143555,6.120571136474609,6.33222770690918,6.543883323669434,6.755539894104004,6.967195510864258,7.178852081298828,7.390507698059082,7.602164268493652,7.813819885253906,8.025476455688477,8.23713207244873,8.448787689208984,8.660444259643555,8.872099876403809,9.083756446838379,9.295412063598633,9.507068634033203,9.718724250793457,9.930380821228027]},"avg_reward":-123.75929260253906,"entropy":2.744236135482788,"avg_acceptance":0.9005332589149475,"value_loss":3.5658379131944445e+06}