{"epoch":5,"_runtime":574,"value_loss":626315.5546875,"avg_reward":24.267166137695312,"avg_imp":-2104.97216796875,"_wandb":{"runtime":574},"epsilon":0.0625,"actor_loss":-0.004917114429796736,"_timestamp":1.7648741662071154e+09,"avg_cost":2104.7099609375,"avg_acceptance":0.26333335041999817,"avg_pct_tmp":[-1.3563212156295776,-1.4848464727401733,-1.1815775632858276,-1.1526093482971191,-1.3888726234436035,-1.7846113443374634,-1.2219468355178833,-1.319292426109314,-1.4316160678863525,-0.9140169024467468,-0.9614121913909912,-1.005990743637085,-0.8634352087974548,-1.0877765417099,-1.305172085762024,-0.9140629172325134,-1.215155005455017,-0.9062402248382568,-1.141065239906311,-1.0000486373901367],"entropy":2.757427136103312,"_step":4}