{"entropy":2.742865286933051,"avg_acceptance":0.900066614151001,"avg_pct_tmp":{"_type":"histogram","values":[2,8,15,30,35,47,50,63,51,46,42,34,17,13,8,7,4,10,0,5,5,2,0,0,0,2,1,1,1,0,0,1],"bins":[3.5700931549072266,3.833637237548828,4.09718132019043,4.360725402832031,4.624269485473633,4.887813568115234,5.151357650756836,5.4149017333984375,5.678445816040039,5.941989898681641,6.205533981323242,6.469078063964844,6.7326226234436035,6.996166706085205,7.259710788726807,7.523254871368408,7.78679895401001,8.050342559814453,8.313886642456055,8.577430725097656,8.840974807739258,9.10451889038086,9.368062973022461,9.631607055664062,9.89515209197998,10.158696174621582,10.422240257263184,10.685784339904785,10.949328422546387,11.212872505187988,11.47641658782959,11.739960670471191,12.003504753112793]},"_step":4,"value_loss":3.84248569375e+06,"_runtime":3769,"_wandb":{"runtime":3769},"epoch":5,"epsilon":0.0125,"avg_reward":-141.90911865234375,"avg_cost":2646.761474609375,"_timestamp":1.7647351001005666e+09,"actor_loss":-0.00275925158833464,"avg_imp":-141.90911865234375}