{"_runtime":146,"avg_cost":2061.82666015625,"epoch":3,"_step":2,"entropy":2.764424482981364,"avg_reward":63.73796844482422,"avg_imp":-2062.088623046875,"value_loss":560087.41015625,"_timestamp":1.7648232550195556e+09,"actor_loss":-0.00692467694170773,"avg_pct_tmp":[-2.73551869392395,-2.617847442626953,-2.811558723449707,-2.695491313934326,-3.187380075454712,-3.1141347885131836,-3.257397174835205,-2.63836407661438,-3.8746137619018555,-3.545137882232666],"avg_acceptance":0.25333333015441895,"_wandb":{"runtime":146},"epsilon":0.25}