{"epoch":20,"_wandb":{"runtime":18026},"eval/avg_improvement_pct":-4.458510875701904,"avg_reward":-1.0618458986282349,"avg_pct_tmp":{"_type":"histogram","values":[4,11,24,40,45,53,52,52,52,34,30,21,21,15,8,9,8,4,3,0,3,6,3,0,1,0,0,0,0,0,0,1],"bins":[0.030481958761811256,0.032594919204711914,0.03470788151025772,0.03682084381580353,0.038933806121349335,0.04104676842689514,0.04315973073244095,0.045272693037986755,0.04738565534353256,0.04949861764907837,0.051611579954624176,0.05372454226016998,0.05583750456571579,0.0579504668712616,0.060063429176807404,0.06217639148235321,0.06428935378789902,0.06640231609344482,0.06851527839899063,0.07062824070453644,0.07274120301008224,0.07485416531562805,0.07696712762117386,0.07908008992671967,0.08119304478168488,0.08330600708723068,0.08541896939277649,0.0875319316983223,0.0896448940038681,0.09175785630941391,0.09387081861495972,0.09598378092050552,0.09809674322605133]},"entropy":0.894218921661377,"eval/avg_cost":2301.87890625,"avg_imp":-1.0618458986282349,"eval/avg_accepted_rate":0.991,"avg_cost":2309.240478515625,"_timestamp":1.7652646136546118e+09,"eval/avg_improvement_km":-10.074507713317871,"value_loss":380791.90813802084,"_step":21,"actor_loss":-0.00068989599434038,"eval/avg_baseline_cost":2291.80419921875,"epsilon":0,"_runtime":18026,"avg_acceptance":0.9900000095367432}