{"avg_acceptance":0.8999999761581421,"actor_loss":-0.0056366537464782596,"epsilon":0.5,"entropy":2.767244338989258,"_runtime":76,"value_loss":5.072849901041667e+06,"avg_pct_tmp":[8.708560943603516,14.067578315734863,12.630851745605469,11.22132682800293,8.640265464782715,11.977585792541504,9.762250900268555,9.73463249206543,9.748046875,12.638891220092773],"_step":1,"_wandb":{"runtime":76},"avg_imp":-2857.691650390625,"avg_cost":2856.0634765625,"avg_reward":-274.6996765136719,"epoch":2,"_timestamp":1.7647965102387958e+09}