{"epsilon":0.03125,"entropy":2.7353418668111167,"epoch":6,"_timestamp":1.7647726842094326e+09,"_step":5,"avg_imp":-2673.07177734375,"avg_acceptance":0.8700000643730164,"avg_cost":2671.50146484375,"avg_pct_tmp":[18.568592071533203,14.6804780960083,17.63269805908203,27.362140655517578,23.09278106689453,23.93216323852539,15.18877124786377,17.89866828918457,20.289466857910156,18.273500442504883],"actor_loss":-0.006470296043213845,"_runtime":222,"_wandb":{"runtime":222},"value_loss":2.9954260338541665e+06,"avg_reward":-426.98162841796875}