{"epsilon":1,"avg_imp":-2512.03662109375,"entropy":2.7689315478006997,"_step":0,"avg_pct_tmp":[4.362361431121826,4.526670455932617,5.349762916564941,4.155271530151367,4.489891052246094,5.332847595214844,3.8178622722625732,6.138204574584961,3.7941153049468994,3.893125057220459],"epoch":1,"avg_acceptance":0.9199999570846558,"_runtime":38,"_timestamp":1.7647923971531498e+09,"avg_reward":-107.6629409790039,"_wandb":{"runtime":38},"avg_cost":2510.408447265625,"actor_loss":-0.007113549014320597,"value_loss":3.637749015625e+06}