epoch,step,val/reward
0,3,-1004.0177001953125
1,7,-962.2872924804688
