{"epoch":2,"epsilon":0,"avg_reward":-64.01716613769531,"value_loss":4.366192409635416e+06,"avg_cost":2151.040283203125,"avg_pct_tmp":{"bins":[1.7072352170944214,1.9993510246276855,2.2914669513702393,2.583582878112793,2.8756985664367676,3.1678147315979004,3.459930419921875,3.7520461082458496,4.044162273406982,4.336277961730957,4.62839412689209,4.9205098152160645,5.212625503540039,5.504741668701172,5.7968573570251465,6.088973522186279,6.381089210510254,6.6732048988342285,6.965321063995361,7.257436752319336,7.549552917480469,7.841668605804443,8.133784294128418,8.42590045928955,8.718015670776367,9.0101318359375,9.302248001098633,9.59436321258545,9.886479377746582,10.178595542907715,10.470711708068848,10.762826919555664,11.054943084716797],"_type":"histogram","values":[1,30,64,98,92,71,44,35,18,19,7,6,2,5,3,3,0,1,0,0,0,0,0,0,0,0,0,0,0,0,0,1]},"actor_loss":0.2411548932393392,"avg_acceptance":0.8924666047096252,"_step":1,"avg_imp":-64.01716613769531,"entropy":2.7674690882364907,"_wandb":{"runtime":2132},"_runtime":2132,"_timestamp":1.7649529020134394e+09}