{"epsilon":0.003125,"actor_loss":-0.0016749928187992837,"avg_acceptance":0.9032000303268433,"_step":6,"value_loss":3.714815113194444e+06,"avg_reward":-156.50440979003906,"avg_imp":-156.50440979003906,"_runtime":4570,"epoch":7,"_timestamp":1.7647459373544412e+09,"avg_pct_tmp":{"values":[2,1,10,24,39,44,60,43,41,48,43,25,32,14,15,21,7,5,5,6,3,1,3,1,0,2,0,2,1,0,1,1],"bins":[3.9912667274475098,4.25078821182251,4.510309219360352,4.769830703735352,5.029352188110352,5.288873195648193,5.548394680023193,5.807915687561035,6.067437171936035,6.326958656311035,6.586479663848877,6.846001148223877,7.105522155761719,7.365043640136719,7.624565124511719,7.884086608886719,8.143608093261719,8.403129577636719,8.662650108337402,8.922171592712402,9.181692123413086,9.441213607788086,9.700735092163086,9.960256576538086,10.219778060913086,10.479299545288086,10.738821029663086,10.998342514038086,11.257863998413086,11.51738452911377,11.77690601348877,12.036426544189453,12.29594898223877],"_type":"histogram"},"entropy":2.698864401711358,"avg_cost":2661.48388671875,"_wandb":{"runtime":4570}}