{"actor_loss":-0.021812943829637436,"eval/avg_cost":2809.059326171875,"eval/avg_improvement_pct":-4.851678371429443,"eval/avg_baseline_cost":2772.552734375,"avg_pct_tmp":{"bins":[0.567160427570343,0.5962240695953369,0.625287652015686,0.6543512940406799,0.683414876461029,0.712478518486023,0.7415421009063721,0.770605742931366,0.7996693849563599,0.828732967376709,0.8577966094017029,0.8868602514266968,0.9159238338470459,0.944987416267395,0.9740511178970337,1.0031147003173828,1.032178282737732,1.061241865158081,1.0903055667877197,1.1193691492080688,1.148432731628418,1.1774964332580566,1.2065600156784058,1.2356235980987549,1.2646872997283936,1.2937508821487427,1.3228144645690918,1.3518781661987305,1.3809417486190796,1.4100053310394287,1.4390690326690674,1.468132495880127,1.4971961975097656],"_type":"histogram","values":[2,1,8,16,12,22,31,40,39,25,39,44,46,28,23,20,17,18,10,8,10,11,8,2,1,6,4,2,5,0,0,2]},"_timestamp":1.7657664443293595e+09,"_runtime":9947,"eval/avg_accepted_rate":1,"avg_acceptance":1,"value_loss":1.4981489555555556e+06,"avg_cost":2821.803466796875,"avg_imp":-24.90131187438965,"epsilon":0,"_step":36,"avg_reward":-24.90131187438965,"entropy":0.9534866054852803,"eval/avg_improvement_km":-36.506656646728516,"epoch":34,"_wandb":{"runtime":9947}}