{"epsilon":1,"avg_cost":2414.992919921875,"avg_pct_tmp":{"_type":"histogram","values":[1,2,12,25,37,59,55,59,71,37,28,19,32,14,8,10,9,4,3,4,3,4,1,0,1,1,0,0,0,0,0,1],"bins":[7.441648960113525,8.239239692687988,9.036829948425293,9.834421157836914,10.632011413574219,11.429601669311523,12.227191925048828,13.024782180786133,13.822373390197754,14.619964599609375,15.41755485534668,16.215145111083984,17.01273536682129,17.810325622558594,18.6079158782959,19.405508041381836,20.20309829711914,21.000688552856445,21.79827880859375,22.595869064331055,23.39345932006836,24.191049575805664,24.98863983154297,25.786231994628906,26.58382225036621,27.381412506103516,28.17900276184082,28.976593017578125,29.77418327331543,30.571775436401367,31.369365692138672,32.16695785522461,32.96454620361328]},"avg_reward":-291.6208801269531,"epoch":15,"actor_loss":-0.0014321836099649469,"eval/avg_accepted_rate":1,"_step":15,"eval/avg_improvement_km":-110.8866958618164,"value_loss":2.1814428578125e+06,"_runtime":11008,"avg_acceptance":1,"entropy":2.701454933484395,"_wandb":{"runtime":11008},"_timestamp":1.7650680789154453e+09,"eval/avg_baseline_cost":2119.786865234375,"avg_imp":-291.6208801269531,"eval/avg_cost":2230.673583984375,"eval/avg_improvement_pct":-9.776158332824707}