{"avg_cost":2101.98828125,"avg_pct_tmp":[6.477750778198242,5.544943332672119,3.9059653282165527,6.748801231384277,4.158962726593018,3.608455181121826,5.4477314949035645,4.659135818481445,4.230240821838379,5.517293930053711,5.0647687911987305,7.889875888824463,4.172796726226807,4.105913162231445,8.923297882080078,6.279525279998779,5.294633865356445,5.576082229614258,4.457278728485107,5.1519951820373535],"avg_acceptance":0.9750000238418579,"_wandb":{"runtime":856},"_runtime":856,"_step":16,"eval/avg_improvement_pct":-12.742639541625977,"eval/avg_cost":2159.457275390625,"epoch":16,"eval/avg_accepted_rate":0.9656250000000001,"_timestamp":1.7648981619679976e+09,"epsilon":3.0517578125e-05,"avg_imp":-2102.17041015625,"avg_reward":-101.61119079589844,"actor_loss":0.06908481816450755,"eval/avg_improvement_km":-104.417724609375,"eval/avg_baseline_cost":2055.03955078125,"value_loss":588736.4069010416,"entropy":1.7335934241612752}