{"value_loss":225076.45388454862,"_step":18,"epsilon":7.62939453125e-06,"avg_cost":2152.2197265625,"_wandb":{"runtime":16171},"avg_reward":-13.104907035827637,"avg_pct_tmp":{"_type":"histogram","values":[12,44,96,86,82,55,40,34,13,15,4,5,2,0,3,1,3,1,0,1,0,0,1,0,0,0,0,0,0,1,0,1],"bins":[0.3802032172679901,0.43550699949264526,0.4908108115196228,0.5461146235466003,0.6014183759689331,0.6567221879959106,0.7120260000228882,0.7673298120498657,0.8226336240768433,0.8779374361038208,0.9332412481307983,0.9885449409484863,1.0438487529754639,1.0991525650024414,1.154456377029419,1.2097601890563965,1.265064001083374,1.3203678131103516,1.375671625137329,1.4309754371643066,1.4862792491912842,1.5415829420089722,1.5968867540359497,1.6521905660629272,1.7074943780899048,1.7627981901168823,1.8181020021438599,1.8734058141708374,1.9287095069885254,1.984013319015503,2.0393171310424805,2.094620943069458,2.1499247550964355]},"eval/avg_accepted_rate":0.9880000000000001,"entropy":0.615338491068946,"_runtime":16171,"epoch":18,"avg_acceptance":0.9885333180427551,"avg_imp":-2152.26318359375,"eval/avg_improvement_pct":-3.5913448333740234,"eval/avg_baseline_cost":2134.790283203125,"actor_loss":0.0015522025991231204,"eval/avg_improvement_km":15.297404289245605,"eval/avg_cost":2119.492431640625,"_timestamp":1.7649143772096207e+09}