{"_runtime":233,"avg_reward":-105.50765228271484,"avg_imp":-2864.946044921875,"actor_loss":-0.007320980201863374,"avg_acceptance":0.8766667246818542,"entropy":2.7604545752207437,"avg_pct_tmp":[4.023099899291992,4.7729573249816895,3.688675880432129,3.811354160308838,5.51343297958374,3.8060379028320312,4.514765739440918,3.1862475872039795,3.281752824783325,2.9441165924072266],"value_loss":3.9697344583333335e+06,"epoch":6,"_wandb":{"runtime":233},"_step":5,"avg_cost":2863.27001953125,"_timestamp":1.7647724139463148e+09,"epsilon":0.03125}