{"epoch":41,"avg_acceptance":0.9905333518981934,"avg_imp":-24.73851203918457,"eval/avg_improvement_pct":-4.47979211807251,"actor_loss":-0.0010571346825195684,"epsilon":0,"_timestamp":1.7654116809275346e+09,"avg_pct_tmp":{"bins":[0.6404093503952026,0.695640504360199,0.7508717179298401,0.8061028718948364,0.8613340854644775,0.9165652394294739,0.9717963933944702,1.0270276069641113,1.0822588205337524,1.1374900341033936,1.1927211284637451,1.2479523420333862,1.3031835556030273,1.358414649963379,1.41364586353302,1.4688770771026611,1.5241081714630127,1.5793393850326538,1.634570598602295,1.689801812171936,1.7450329065322876,1.8002641201019287,1.8554953336715698,1.910726547241211,1.9659576416015625,2.021188735961914,2.0764200687408447,2.1316511631011963,2.186882495880127,2.2421135902404785,2.29734468460083,2.3525757789611816,2.4078071117401123],"_type":"histogram","values":[8,16,26,41,61,64,59,55,42,34,32,27,7,7,3,4,2,3,2,1,2,0,1,1,0,0,0,0,0,0,1,1]},"eval/avg_improvement_km":-31.048240661621094,"eval/avg_cost":2542.307861328125,"_runtime":35307,"_step":44,"avg_cost":2505.343505859375,"_wandb":{"runtime":35307},"entropy":0.965444110499488,"eval/avg_accepted_rate":0.9903666666666667,"eval/avg_baseline_cost":2511.259521484375,"value_loss":600186.7289930555,"avg_reward":-24.73851203918457}