{"epsilon":0.5,"_runtime":1334,"_step":1,"avg_pct_tmp":{"bins":[3.403672218322754,3.676992177963257,3.9503121376037598,4.223631858825684,4.496952056884766,4.770272254943848,5.0435919761657715,5.316911697387695,5.590231895446777,5.863552093505859,6.136871814727783,6.410191535949707,6.683511734008789,6.956831932067871,7.230151653289795,7.503471374511719,7.776791572570801,8.050111770629883,8.323431015014648,8.59675121307373,8.870071411132812,9.143391609191895,9.416711807250977,9.690031051635742,9.963351249694824,10.236671447753906,10.509990692138672,10.783310890197754,11.056631088256836,11.329951286315918,11.603270530700684,11.876590728759766,12.149910926818848],"_type":"histogram","values":[2,7,19,32,31,62,56,67,31,59,18,27,17,25,17,7,7,3,3,2,3,1,2,1,0,0,0,0,0,0,0,1]},"epoch":2,"_timestamp":1.7647747230713236e+09,"avg_cost":2689.53076171875,"value_loss":3.722651379513889e+06,"avg_acceptance":0.8990666270256042,"actor_loss":-0.002032857535070636,"avg_imp":-2694.2802734375,"_wandb":{"runtime":1334},"entropy":2.766096660825941,"avg_reward":-140.6631622314453}