{"avg_imp":-2160.192626953125,"entropy":2.769376198450724,"avg_cost":2159.9033203125,"_wandb":{"runtime":85},"avg_acceptance":0.2777777910232544,"actor_loss":-0.0035388048466605446,"avg_pct_tmp":[6.233793258666992,4.304062843322754,8.53366756439209,4.628509521484375,5.0957207679748535,4.33330774307251,4.092314720153809,3.782513380050659,4.337357521057129,6.098062992095947,7.271946430206299,4.869243144989014,4.658282279968262,4.990110397338867,3.938236713409424,3.3133201599121094,5.2141900062561035,4.82095193862915,4.586153030395508,3.426198959350586,6.467670440673828,3.2956767082214355,3.9888899326324463,3.9465255737304688,4.309106349945068,5.694289207458496,4.914628028869629,5.773768424987793,3.6605567932128906,3.7391316890716553],"value_loss":837701.6809895834,"epsilon":1,"_timestamp":1.7648282765185528e+09,"_step":0,"avg_reward":-94.38377380371094,"_runtime":85,"epoch":1}