{"avg_cost":2694.4462890625,"epsilon":0.17142857142857143,"_wandb":{"runtime":14703},"entropy":2.641973254021178,"epoch":8,"_timestamp":1.7647250447613697e+09,"avg_imp":-154.75192260742188,"avg_reward":-154.75192260742188,"avg_pct_tmp":{"_type":"histogram","values":[4,8,24,32,47,47,38,66,33,46,34,28,21,16,17,15,7,3,1,0,3,2,3,0,0,0,1,1,0,1,0,2],"bins":[4.094977855682373,4.35250186920166,4.610025882720947,4.867549896240234,5.12507438659668,5.382597923278809,5.640122413635254,5.897646427154541,6.155170440673828,6.412694454193115,6.670218467712402,6.927742958068848,7.185266494750977,7.442790985107422,7.700314998626709,7.957839012145996,8.215362548828125,8.47288703918457,8.730411529541016,8.987935066223145,9.245458602905273,9.502983093261719,9.760507583618164,10.01803207397461,10.275555610656738,10.533079147338867,10.790603637695312,11.048128128051758,11.305652618408203,11.563176155090332,11.820699691772461,12.078224182128906,12.335747718811035]},"value_loss":1.0160324795071476e+06,"_step":7,"avg_acceptance":0.8991999626159668,"_runtime":14703,"actor_loss":-0.022290131356170837}