{"value_loss":2.8844766354166665e+06,"avg_cost":2336.283203125,"_timestamp":1.7647873974891522e+09,"avg_imp":-2337.861572265625,"epoch":1,"_runtime":42,"actor_loss":-0.008237546465049187,"avg_pct_tmp":[1.2282475233078003,1.1189440488815308,1.4040584564208984,1.827455997467041,0.8582948446273804,1.4771537780761719,1.3624598979949951,1.366945505142212,1.3417129516601562,1.0188703536987305],"_wandb":{"runtime":42},"_step":0,"avg_reward":-28.856342315673828,"avg_acceptance":0.8799999952316284,"epsilon":1,"entropy":2.7689626216888428}