{"avg_imp":-2359.23388671875,"entropy":2.7692927519480386,"avg_cost":2358.93896484375,"actor_loss":-0.004088843303179601,"avg_pct_tmp":[1.5054645538330078,0.9552358388900757,1.9118603467941284,1.3990012407302856,1.1858093738555908,1.2195490598678589,1.3717164993286133,1.0337690114974976,1.136374831199646,1.0734708309173584,1.4672027826309204,2.0248172283172607,1.2528464794158936,1.0560119152069092,1.0129421949386597,0.9034140110015869,1.4064818620681763,2.118238687515259,0.910306453704834,1.7588731050491333],"_wandb":{"runtime":106},"_runtime":106,"value_loss":703730.4622395834,"_step":0,"avg_reward":-29.153345108032227,"epsilon":1,"_timestamp":1.7648844753048108e+09,"avg_acceptance":0.28166669607162476,"epoch":1}