{"epsilon":0.05,"_timestamp":1.76474031150058e+09,"actor_loss":-0.0031513974070549013,"entropy":2.7515479882558185,"value_loss":3.673168605902778e+06,"epoch":3,"avg_cost":2597.60107421875,"_runtime":2221,"avg_acceptance":0.8996665477752686,"_wandb":{"runtime":2221},"avg_imp":-101.9581069946289,"_step":2,"avg_pct_tmp":{"_type":"histogram","values":[4,9,32,52,73,72,65,51,56,22,19,14,12,8,4,4,1,1,0,0,0,0,0,0,0,0,0,0,0,0,0,1],"bins":[2.573620080947876,2.8218488693237305,3.070077657699585,3.3183064460754395,3.566535472869873,3.8147640228271484,4.062993049621582,4.311222076416016,4.559450626373291,4.807679176330566,5.055908203125,5.304137229919434,5.552366256713867,5.800594806671143,6.048823356628418,6.297052383422852,6.545281410217285,6.793510437011719,7.041738510131836,7.2899675369262695,7.538196563720703,7.786425590515137,8.034653663635254,8.282882690429688,8.531111717224121,8.779340744018555,9.027569770812988,9.275797843933105,9.524026870727539,9.772255897521973,10.020484924316406,10.268712997436523,10.516942024230957]},"avg_reward":-101.9581069946289}