{"_step":1,"value_loss":1.2431207786458333e+06,"avg_imp":-2249.85205078125,"epsilon":0.5,"avg_pct_tmp":[12.245787620544434,14.3443021774292,10.802522659301758,9.964498519897461,6.65444278717041,6.425355434417725,7.633449077606201,7.071998119354248,8.029401779174805,7.516879558563232,7.10358190536499,6.227133750915527,6.5926833152771,11.909391403198242,15.381203651428223,5.540883541107178,11.612139701843262,7.3733015060424805,8.085460662841797,6.938804626464844],"_timestamp":1.7648678762317748e+09,"avg_reward":-169.6571502685547,"_runtime":229,"avg_cost":2249.55419921875,"avg_acceptance":0.26333335041999817,"actor_loss":-0.004066696943482384,"entropy":2.767422596613566,"_wandb":{"runtime":229},"epoch":2}