{"entropy":2.766514221827189,"value_loss":700031.3157552084,"epsilon":0.25,"avg_cost":2353.905029296875,"avg_imp":-2354.173095703125,"avg_pct_tmp":[3.547057867050171,3.426178216934204,3.4455106258392334,3.2593417167663574,3.6150665283203125,3.6012518405914307,5.244057655334473,3.7675745487213135,7.128744602203369,3.5216245651245117],"avg_reward":-87.01466369628906,"_wandb":{"runtime":134},"avg_acceptance":0.25333335995674133,"_runtime":134,"epoch":3,"_timestamp":1.764821012062411e+09,"actor_loss":-0.007053474614319081,"_step":2}