{"eval/avg_improvement_km":-119.29076385498047,"_step":17,"eval/avg_improvement_pct":-10.899235725402832,"entropy":2.7331123458014592,"avg_acceptance":1,"_runtime":14261,"avg_pct_tmp":{"values":[7,19,37,81,68,49,67,38,36,29,21,9,12,9,3,2,3,3,4,0,1,0,1,0,0,0,0,0,0,0,0,1],"bins":[8.36635684967041,9.254741668701172,10.14312744140625,11.031512260437012,11.919897079467773,12.808282852172852,13.696667671203613,14.585052490234375,15.473438262939453,16.36182403564453,17.25020980834961,18.138593673706055,19.0269775390625,19.915363311767578,20.803749084472656,21.692134857177734,22.580520629882812,23.468904495239258,24.357290267944336,25.24567413330078,26.13405990600586,27.022445678710938,27.910831451416016,28.799217224121094,29.687599182128906,30.575984954833984,31.464370727539062,32.35275650024414,33.24114227294922,34.1295280456543,35.017913818359375,35.90629577636719,36.794681549072266],"_type":"histogram"},"avg_reward":-284.8826904296875,"epoch":17,"avg_cost":2401.263427734375,"eval/avg_cost":2221.46875,"eval/avg_baseline_cost":2102.177978515625,"avg_imp":-284.8826904296875,"_wandb":{"runtime":14261},"epsilon":1,"actor_loss":-0.0035730384497178924,"value_loss":2.884927851736111e+06,"_timestamp":1.7649800480705016e+09,"eval/avg_accepted_rate":1}