{"_runtime":6113,"avg_pct_tmp":{"bins":[0.6626482605934143,0.7112211585044861,0.7597941160202026,0.8083670139312744,0.8569399118423462,0.905512809753418,0.9540857076644897,1.0026586055755615,1.0512316226959229,1.099804401397705,1.1483774185180664,1.1969503164291382,1.24552321434021,1.2940961122512817,1.3426690101623535,1.3912420272827148,1.439814805984497,1.4883878231048584,1.5369606018066406,1.585533618927002,1.6341065168380737,1.6826794147491455,1.7312524318695068,1.779825210571289,1.8283982276916504,1.8769710063934326,1.925544023513794,1.9741168022155762,2.0226898193359375,2.071262836456299,2.119835615158081,2.1684086322784424,2.2169814109802246],"_type":"histogram","values":[3,2,16,13,22,47,53,50,50,52,35,28,29,25,13,17,16,5,6,7,3,0,0,2,1,1,0,0,2,0,1,1]},"actor_loss":0.012721207093757887,"value_loss":855152.89453125,"eval/avg_accepted_rate":1,"epsilon":0,"_wandb":{"runtime":6113},"avg_imp":-30.56892967224121,"eval/avg_improvement_pct":-5.718436241149902,"epoch":18,"entropy":1.0701632221539816,"_timestamp":1.7656603927749393e+09,"eval/avg_baseline_cost":2761.244873046875,"eval/avg_improvement_km":-69.2927017211914,"avg_acceptance":1,"_step":18,"avg_cost":2817.482421875,"eval/avg_cost":2830.537841796875,"avg_reward":-30.56892967224121}