{"avg_pct_tmp":{"bins":[4.024860382080078,4.258321285247803,4.491782188415527,4.72524356842041,4.958704471588135,5.192165374755859,5.425626754760742,5.659087657928467,5.892548561096191,6.126009464263916,6.359470367431641,6.592931747436523,6.826392650604248,7.059853553771973,7.2933149337768555,7.52677583694458,7.760236740112305,7.993697643280029,8.227158546447754,8.460619926452637,8.694080352783203,8.927541732788086,9.161003112792969,9.394464492797852,9.627924919128418,9.861385345458984,10.094846725463867,10.32830810546875,10.561769485473633,10.7952299118042,11.028691291809082,11.262151718139648,11.495613098144531],"_type":"histogram","values":[4,7,19,25,34,40,53,58,29,38,38,24,29,21,19,14,9,7,4,5,4,4,4,0,2,3,1,1,0,0,2,2]},"epoch":2,"_timestamp":1.7647477154019341e+09,"_wandb":{"runtime":1423},"value_loss":3.713637035416667e+06,"actor_loss":-0.0008094208366754982,"avg_cost":2661.74560546875,"avg_acceptance":0.90313321352005,"avg_reward":-151.3720245361328,"epsilon":0.1,"_runtime":1423,"_step":1,"avg_imp":-151.3720245361328,"entropy":2.7650482442643907}