{"_wandb":{"runtime":50132},"entropy":1.0775750160217286,"avg_acceptance":0.9326332211494446,"avg_reward":-20.55202865600586,"epsilon":0,"eval/avg_cost":2338.893310546875,"_timestamp":1.7652056225043442e+09,"eval/avg_baseline_cost":2285.0126953125,"actor_loss":0.024798124474990697,"eval/avg_accepted_rate":0.9203666666666668,"avg_imp":-20.55202865600586,"value_loss":871166.4080078125,"avg_cost":2345.183349609375,"eval/avg_improvement_km":-53.88041305541992,"avg_pct_tmp":{"values":[7,13,57,104,146,168,154,117,90,44,32,21,13,11,9,6,2,0,5,0,0,0,0,0,0,0,0,0,0,0,0,1],"bins":[0.5126015543937683,0.5749769806861877,0.6373524069786072,0.6997277736663818,0.7621031999588013,0.8244786262512207,0.8868540525436401,0.9492294788360596,1.011604905128479,1.0739803314208984,1.1363557577133179,1.1987311840057373,1.2611064910888672,1.3234820365905762,1.385857343673706,1.448232889175415,1.510608196258545,1.572983741760254,1.6353590488433838,1.6977345943450928,1.7601099014282227,1.8224854469299316,1.8848607540130615,1.9472362995147705,2.0096116065979004,2.0719869136810303,2.1343624591827393,2.196737766265869,2.259113311767578,2.321488618850708,2.383864164352417,2.446239471435547,2.508615016937256],"_type":"histogram"},"epoch":20,"_runtime":50132,"_step":20,"eval/avg_improvement_pct":-6.3472418785095215}