{"avg_pct_tmp":[5.125463962554932,4.33057975769043,5.233402729034424,7.207093238830566,4.860802173614502,7.832618713378906,4.394930362701416,5.757579803466797,4.316128730773926,5.87746000289917,4.038564682006836,8.830392837524414,3.4334237575531006,8.715256690979004,4.460753917694092,6.692441463470459,5.320560455322266,3.867356777191162,7.283984661102295,4.659962177276611],"_runtime":65,"entropy":2.7689436276753745,"epoch":1,"_timestamp":1.7648218366299014e+09,"avg_imp":-2142.12255859375,"_wandb":{"runtime":65},"actor_loss":-0.003971490921685472,"avg_acceptance":0.26500001549720764,"_step":0,"value_loss":969412.546875,"avg_cost":2141.84228515625,"epsilon":1,"avg_reward":-106.27836608886719}