{"avg_reward":-86.48023223876953,"avg_pct_tmp":{"values":[7,18,32,57,60,67,75,47,44,22,18,13,13,4,7,4,2,2,2,1,2,1,1,0,0,0,0,0,0,0,0,1],"bins":[2.0766003131866455,2.244635820388794,2.4126710891723633,2.5807065963745117,2.74874210357666,2.9167776107788086,3.084813117980957,3.2528483867645264,3.420883893966675,3.5889194011688232,3.7569546699523926,3.924990177154541,4.0930256843566895,4.261061191558838,4.429096221923828,4.597131729125977,4.765167236328125,4.933202743530273,5.101238250732422,5.26927375793457,5.437309265136719,5.605344772338867,5.773380279541016,5.941415786743164,6.1094512939453125,6.277486801147461,6.445522308349609,6.613557815551758,6.78159236907959,6.949627876281738,7.117663383483887,7.285698890686035,7.453734397888184],"_type":"histogram"},"value_loss":1.2794530270833333e+06,"_wandb":{"runtime":2803},"epoch":8,"entropy":2.255190348625183,"_timestamp":1.7656542690729575e+09,"avg_cost":2868.7939453125,"avg_acceptance":1,"_step":7,"_runtime":2803,"avg_imp":-86.48023223876953,"actor_loss":0.10943594550093015,"epsilon":0}