{"epsilon":0.125,"_timestamp":1.7648222750926404e+09,"avg_pct_tmp":[1.2078596353530884,1.4210137128829956,1.4353445768356323,1.883042573928833,1.1914783716201782,1.345078945159912,2.3559279441833496,1.6140656471252441,1.4931983947753906,1.3482086658477783,1.2312161922454834,1.3472551107406616,1.4018324613571167,1.2536476850509644,1.2856221199035645,1.6378072500228882,1.3434237241744995,1.821083426475525,1.2180157899856567,1.8700031042099],"avg_imp":-2103.8671875,"avg_reward":-29.840435028076172,"_wandb":{"runtime":316},"avg_acceptance":0.30000001192092896,"_step":3,"avg_cost":2103.579345703125,"epoch":4,"_runtime":316,"actor_loss":-0.004960196194588207,"value_loss":823501.11328125,"entropy":2.760673761367798}