{"epoch":7,"avg_cost":2445.119384765625,"_runtime":5507,"epsilon":1,"avg_acceptance":1,"entropy":2.713558945655823,"_step":6,"_wandb":{"runtime":5507},"value_loss":763553.6930208333,"avg_reward":-353.2804870605469,"avg_pct_tmp":{"bins":[9.554634094238281,10.29887580871582,11.04311752319336,11.787359237670898,12.531600952148438,13.275842666625977,14.020085334777832,14.764327049255371,15.50856876373291,16.252811431884766,16.997051239013672,17.741294860839844,18.485536575317383,19.229778289794922,19.97402000427246,20.71826171875,21.46250343322754,22.206745147705078,22.950986862182617,23.695228576660156,24.439470291137695,25.183712005615234,25.927953720092773,26.672195434570312,27.416439056396484,28.160680770874023,28.904922485351562,29.6491641998291,30.39340591430664,31.13764762878418,31.88188934326172,32.626129150390625,33.3703727722168],"_type":"histogram","values":[1,2,5,16,19,34,56,26,51,37,50,37,27,26,19,20,17,10,7,8,7,2,4,3,2,5,2,1,2,2,0,2]},"avg_imp":-353.2804870605469,"actor_loss":-0.007710256751937171,"_timestamp":1.7650571787962718e+09}