{"_step":1,"avg_acceptance":0.2866666615009308,"avg_pct_tmp":[6.030519008636475,5.566904544830322,6.859083652496338,6.756602764129639,9.593631744384766,6.231527328491211,5.0280351638793945,7.637088775634766,9.006451606750488,5.077396869659424],"_runtime":98,"avg_reward":-123.607666015625,"_timestamp":1.764819688903284e+09,"value_loss":830088.03515625,"actor_loss":-0.006016460897323365,"avg_cost":2029.0347900390625,"epsilon":0.5,"epoch":2,"avg_imp":-2029.3509521484375,"entropy":2.7688725789388022,"_wandb":{"runtime":98}}