{"entropy":0.9032070544030931,"eval/avg_accepted_rate":0.9909000000000001,"avg_reward":-18.266925811767578,"actor_loss":0.0004171426873654127,"avg_imp":-18.266925811767578,"eval/avg_baseline_cost":2308.530029296875,"eval/avg_cost":2298.771728515625,"_wandb":{"runtime":19505},"_timestamp":1.765245519673565e+09,"epsilon":0,"eval/avg_improvement_km":9.758462905883789,"epoch":15,"eval/avg_improvement_pct":-3.2264926433563232,"_runtime":19505,"avg_cost":2327.64453125,"_step":15,"value_loss":398437.68125,"avg_acceptance":0.9929999113082886,"avg_pct_tmp":{"bins":[0.5060228705406189,0.5425528883934021,0.5790829062461853,0.6156129240989685,0.6521428823471069,0.6886729001998901,0.7252029180526733,0.7617329359054565,0.7982629537582397,0.834792971611023,0.8713229894638062,0.9078530073165894,0.9443830251693726,0.9809130430221558,1.0174429416656494,1.0539729595184326,1.0905029773712158,1.127032995223999,1.1635630130767822,1.2000930309295654,1.2366230487823486,1.2731530666351318,1.309683084487915,1.3462131023406982,1.3827431201934814,1.4192731380462646,1.4558031558990479,1.492333173751831,1.5288631916046143,1.5653932094573975,1.6019232273101807,1.6384532451629639,1.674983263015747],"_type":"histogram","values":[3,9,21,24,43,43,57,44,63,41,35,34,21,15,14,6,3,8,3,3,2,3,2,0,0,0,1,0,0,0,1,1]}}