{"avg_pct_tmp":{"bins":[0.17028549313545227,0.18259844183921814,0.194911390542984,0.20722433924674988,0.21953728795051575,0.23185023665428162,0.24416318535804749,0.25647613406181335,0.2687890827655792,0.2811020314693451,0.29341498017311096,0.3057279586791992,0.3180409073829651,0.33035385608673096,0.3426668047904968,0.3549797534942627,0.36729270219802856,0.37960565090179443,0.3919185996055603,0.40423154830932617,0.41654449701309204,0.4288574457168579,0.4411703944206238,0.45348334312438965,0.4657962918281555,0.4781092405319214,0.49042218923568726,0.5027351379394531,0.515048086643219,0.5273610353469849,0.5396739840507507,0.5519869327545166,0.5642998814582825],"_type":"histogram","values":[8,18,35,30,44,50,66,53,49,28,37,28,14,12,5,4,6,2,3,3,1,0,2,0,0,1,0,0,0,0,0,1]},"_step":23,"avg_cost":2546.2490234375,"_timestamp":1.7654218609980545e+09,"_runtime":10194,"avg_reward":-6.463415145874023,"eval/avg_improvement_pct":-3.1957309246063232,"value_loss":132170.15394965277,"epoch":22,"epsilon":0,"eval/avg_baseline_cost":2522.852783203125,"avg_imp":-6.463415145874023,"avg_acceptance":0.9929999709129333,"_wandb":{"runtime":10194},"actor_loss":0.0038157221602482926,"entropy":0.6214569661352369,"eval/avg_accepted_rate":0.9930666666666668,"eval/avg_cost":2508.127685546875,"eval/avg_improvement_km":14.7250394821167}