{"_runtime":9473,"avg_acceptance":0.9775333404541016,"_timestamp":1.7655000672023683e+09,"_step":16,"epoch":16,"epsilon":0,"avg_reward":-23.540992736816406,"avg_pct_tmp":{"_type":"histogram","values":[12,13,24,22,23,43,50,51,42,49,31,43,24,15,14,14,8,3,8,1,2,1,2,1,3,0,0,0,0,0,0,1],"bins":[0.6482844352722168,0.6863275766372681,0.7243706583976746,0.7624137997627258,0.8004568815231323,0.8385000228881836,0.8765431642532349,0.9145862460136414,0.9526293277740479,0.9906724691390991,1.0287156105041504,1.066758632659912,1.104801893234253,1.1428449153900146,1.180888056755066,1.2189311981201172,1.256974220275879,1.2950174808502197,1.3330605030059814,1.3711036443710327,1.409146785736084,1.4471898078918457,1.485232949256897,1.5232760906219482,1.5613192319869995,1.5993623733520508,1.6374053955078125,1.6754485368728638,1.713491678237915,1.7515348196029663,1.789577841758728,1.8276209831237793,1.8656641244888306]},"actor_loss":0.005989388842135668,"eval/avg_baseline_cost":2474.27392578125,"eval/avg_improvement_km":-29.861421585083008,"value_loss":277513.3463541667,"eval/avg_improvement_pct":-4.498449325561523,"entropy":0.849580360783471,"avg_cost":2496.23193359375,"avg_imp":-23.540992736816406,"eval/avg_cost":2504.135498046875,"_wandb":{"runtime":9473},"eval/avg_accepted_rate":0.9874333333333334}