{"_timestamp":1.764890982037826e+09,"_runtime":87,"avg_cost":2194.0048828125,"entropy":2.7691728274027505,"avg_acceptance":0.25833335518836975,"_step":0,"avg_imp":-2194.263916015625,"actor_loss":-0.005018179469819491,"avg_pct_tmp":[4.081366539001465,2.8425683975219727,4.870029926300049,3.2219398021698,2.922079086303711,2.63358736038208,4.408397674560547,3.696396827697754,3.7597973346710205,4.141988754272461,2.4791324138641357,3.201488494873047,2.726194143295288,2.7231829166412354,3.5454611778259277,2.9076454639434814,2.802107572555542,5.034953594207764,3.132012128829956,3.4155852794647217],"avg_reward":-69.85317993164062,"value_loss":860455.2864583334,"epoch":1,"_wandb":{"runtime":87},"epsilon":1}