{"_runtime":8340,"avg_cost":2385.895751953125,"eval/avg_improvement_km":-111.04132843017578,"eval/avg_accepted_rate":1,"_step":10,"_wandb":{"runtime":8340},"entropy":2.730602111816406,"epoch":10,"value_loss":750399.8393229167,"avg_acceptance":1,"actor_loss":-0.010489389615443845,"eval/avg_cost":2220.27294921875,"avg_pct_tmp":{"_type":"histogram","values":[14,34,60,70,56,66,57,35,35,23,16,10,1,7,6,2,1,0,0,2,3,0,0,0,1,0,0,0,0,0,0,1],"bins":[10.161131858825684,11.254070281982422,12.347007751464844,13.439946174621582,14.53288459777832,15.625823020935059,16.718761444091797,17.81169891357422,18.90463638305664,19.997575759887695,21.09051513671875,22.183452606201172,23.276390075683594,24.369327545166016,25.462265014648438,26.555206298828125,27.648143768310547,28.74108123779297,29.83401870727539,30.926956176757812,32.0198974609375,33.11283493041992,34.205772399902344,35.298709869384766,36.39164733886719,37.48458480834961,38.5775260925293,39.67046356201172,40.76340103149414,41.85633850097656,42.94927978515625,44.04221725463867,45.135154724121094]},"eval/avg_improvement_pct":-9.935998916625977,"avg_reward":-324.2431640625,"epsilon":1,"avg_imp":-324.2431640625,"_timestamp":1.7649943562946806e+09,"eval/avg_baseline_cost":2109.2314453125}