{"eval/avg_improvement_km":-5.5262274742126465,"avg_reward":-30.29627799987793,"_wandb":{"runtime":16245},"entropy":0.524117483695348,"actor_loss":-8.83263691018025e-05,"_timestamp":1.765680458406926e+09,"avg_pct_tmp":{"bins":[0.7349627017974854,0.7765551209449768,0.818147599697113,0.8597400188446045,0.9013324975967407,0.9429249167442322,0.9845173358917236,1.0261098146438599,1.067702293395996,1.1092946529388428,1.150887131690979,1.1924796104431152,1.234071969985962,1.2756644487380981,1.3172569274902344,1.358849287033081,1.4004417657852173,1.4420342445373535,1.4836266040802002,1.5252190828323364,1.5668115615844727,1.6084039211273193,1.6499963998794556,1.6915888786315918,1.7331812381744385,1.7747737169265747,1.816366195678711,1.8579586744308472,1.8995510339736938,1.94114351272583,1.9827359914779663,2.0243282318115234,2.065920829772949],"_type":"histogram","values":[5,5,16,31,29,44,29,52,36,39,31,50,14,26,28,15,12,8,9,4,0,3,2,0,2,5,0,0,3,0,0,2]},"eval/avg_cost":2805.98779296875,"avg_cost":2773.231689453125,"avg_acceptance":1,"avg_imp":-30.29627799987793,"epsilon":0,"eval/avg_baseline_cost":2800.46142578125,"epoch":50,"value_loss":390883.6609375,"eval/avg_accepted_rate":1,"eval/avg_improvement_pct":-3.4348082542419434,"_runtime":16245,"_step":54}