{"_timestamp":1.764894049425609e+09,"epsilon":1,"avg_acceptance":0.2900000214576721,"_step":0,"epoch":1,"avg_imp":-2278.77099609375,"actor_loss":-0.0052775492367800325,"_runtime":83,"avg_pct_tmp":[4.984284400939941,5.410919189453125,8.676774978637695,6.646246433258057,6.954378604888916,5.871060371398926,7.792633056640625,6.336197853088379,5.89992618560791,5.901963710784912,6.451920986175537,4.8985819816589355,7.076405048370361,7.128129959106445,5.886581897735596,4.953657627105713,4.4618940353393555,5.875844478607178,5.913908958435059,8.869361877441406],"avg_cost":2278.45947265625,"avg_reward":-131.00204467773438,"_wandb":{"runtime":83},"value_loss":1.3416920221354167e+06,"entropy":2.7688785394032798}