{"entropy":0.8610508018069797,"eval/avg_baseline_cost":2792.37841796875,"avg_reward":0.4001689553260803,"eval/avg_cost":2827.134765625,"epsilon":0,"avg_pct_tmp":{"bins":[-0.030910881236195564,-0.030230296775698662,-0.02954971231520176,-0.028869127854704857,-0.028188545256853104,-0.0275079607963562,-0.0268273763358593,-0.026146791875362396,-0.025466207414865494,-0.02478562295436859,-0.02410503849387169,-0.023424454033374786,-0.022743869572877884,-0.02206328511238098,-0.021382702514529228,-0.020702118054032326,-0.020021533593535423,-0.01934094913303852,-0.01866036467254162,-0.017979782074689865,-0.017299197614192963,-0.01661861315369606,-0.015938028693199158,-0.015257444232702255,-0.014576859772205353,-0.01389627531170845,-0.013215690851211548,-0.012535106390714645,-0.011854523792862892,-0.01117393933236599,-0.010493354871869087,-0.009812770411372185,-0.009132185019552708],"_type":"histogram","values":[1,0,0,0,2,1,0,0,0,0,4,2,4,3,2,5,11,9,11,26,37,33,36,56,52,67,51,31,31,15,6,4]},"value_loss":1.9002420056944445e+07,"eval/avg_improvement_pct":-4.398808002471924,"_runtime":40089,"avg_imp":0.4001689553260803,"avg_acceptance":1,"_step":54,"_wandb":{"runtime":40089},"epoch":50,"avg_cost":2749.40283203125,"_timestamp":1.765806779091532e+09,"eval/avg_improvement_km":-34.75627517700195,"eval/avg_accepted_rate":1,"actor_loss":-0.02518930946373277}