{"_step":1,"epoch":2,"avg_reward":-156.20419311523438,"avg_acceptance":0.8987331986427307,"avg_pct_tmp":{"values":[5,7,6,23,15,37,43,37,44,39,31,40,33,19,23,20,11,13,14,8,4,2,4,6,5,3,0,4,1,2,0,1],"bins":[4.225564956665039,4.426936626434326,4.628307819366455,4.829679489135742,5.031050682067871,5.232422351837158,5.433794021606445,5.635165214538574,5.836536884307861,6.037908554077148,6.239279747009277,6.4406514167785645,6.642023086547852,6.8433942794799805,7.044765949249268,7.246137619018555,7.447508811950684,7.6488800048828125,7.8502516746521,8.051623344421387,8.252994537353516,8.454366683959961,8.65573787689209,8.857109069824219,9.058481216430664,9.259852409362793,9.461223602294922,9.662595748901367,9.863966941833496,10.065338134765625,10.26671028137207,10.468080520629883,10.669452667236328],"_type":"histogram"},"entropy":2.767620743645562,"epsilon":0.5,"actor_loss":-0.0026351439197444255,"avg_imp":-2667.324951171875,"avg_cost":2659.411376953125,"_wandb":{"runtime":1470},"_timestamp":1.7647872516943953e+09,"_runtime":1470,"value_loss":3.907988237847222e+06}