{"avg_imp":-111.07720947265625,"eval/avg_improvement_km":-68.53644561767578,"eval/avg_cost":2609.8125,"_runtime":19932,"_timestamp":1.7647676785384095e+09,"eval/avg_accepted_rate":0.9052083333333334,"epsilon":4.656612873077393e-10,"avg_acceptance":0.9006666541099548,"entropy":2.733611324098375,"eval/avg_baseline_cost":2541.27587890625,"_wandb":{"runtime":19932},"avg_cost":2607.639892578125,"epoch":32,"value_loss":3.545256574652778e+06,"_step":34,"avg_pct_tmp":{"bins":[2.5821855068206787,2.7648065090179443,2.947427272796631,3.1300482749938965,3.312669277191162,3.4952902793884277,3.6779112815856934,3.86053204536438,4.043152809143066,4.225773811340332,4.408394813537598,4.591015815734863,4.773636817932129,4.9562578201293945,5.13887882232666,5.321499824523926,5.504120826721191,5.686741828918457,5.869362831115723,6.05198335647583,6.234604358673096,6.417225360870361,6.599845886230469,6.782466888427734,6.965087890625,7.147708892822266,7.330329895019531,7.512950897216797,7.6955718994140625,7.878192901611328,8.060813903808594,8.24343490600586,8.426055908203125],"_type":"histogram","values":[1,2,3,10,16,25,45,44,42,46,44,55,29,27,21,8,27,13,5,8,10,4,3,1,4,2,1,0,1,1,1,1]},"actor_loss":-0.0018518279410070842,"eval/avg_improvement_pct":-6.805383682250977,"avg_reward":-111.07720947265625}