{"value_loss":1.6613942994791667e+06,"eval/avg_improvement_km":-226.87657165527344,"eval/avg_improvement_pct":-17.129051208496094,"avg_reward":24.03116226196289,"_runtime":636,"epsilon":0.000244140625,"actor_loss":0.1634308248758316,"entropy":2.604926029841105,"eval/avg_cost":2241.8095703125,"avg_cost":2150.28076171875,"eval/avg_baseline_cost":2014.932861328125,"epoch":13,"_wandb":{"runtime":636},"avg_pct_tmp":[-1.2818588018417358,-1.3258119821548462,-1.2469172477722168,-1.1433173418045044,-1.0167837142944336,-1.0552178621292114,-1.4121348857879639,-0.9257708787918091,-0.8231112957000732,-0.8945043087005615,-2.7165958881378174,-1.1125208139419556,-0.9038800597190857,-1.016074299812317,-0.8011091351509094,-0.8474801778793335,-1.2052363157272339,-1.534890055656433,-1.519218921661377,-1.0978240966796875],"_step":13,"_timestamp":1.7648783196782334e+09,"eval/avg_accepted_rate":0.9479166666666667,"avg_acceptance":0.9283332824707031,"avg_imp":-2150.7041015625}