{"avg_imp":-567.0166625976562,"entropy":2.53270537853241,"_timestamp":1.7647089453539624e+09,"avg_cost":2834.7333984375,"epsilon":0.19183673469387758,"avg_acceptance":0.9166666269302368,"avg_reward":-567.0166625976562,"epoch":3,"_runtime":96,"_wandb":{"runtime":96},"avg_pct_tmp":[30.423168182373047,21.193984985351562],"_step":2,"actor_loss":-0.08722942051826976,"value_loss":1.18924402734375e+06}