{"eval/avg_cost":2529.633544921875,"avg_imp":-0.5318996906280518,"eval/avg_improvement_pct":-4.465466499328613,"avg_reward":-0.5318996906280518,"_step":54,"epsilon":0,"eval/avg_baseline_cost":2505.44873046875,"_runtime":41950,"entropy":0.5838243100378249,"_timestamp":1.7654640573440537e+09,"avg_pct_tmp":{"values":[15,12,33,37,61,57,60,56,39,45,22,19,11,6,12,8,1,2,1,0,0,2,0,0,0,0,0,0,0,0,0,1],"bins":[0.014107435941696167,0.015209276229143143,0.01631111651659012,0.017412956804037094,0.01851479709148407,0.019616637378931046,0.02071847766637802,0.021820317953824997,0.022922158241271973,0.02402399852871895,0.025125838816165924,0.0262276791036129,0.027329519391059875,0.02843135967850685,0.029533199965953827,0.030635040253400803,0.03173688054084778,0.032838720828294754,0.03394056111574173,0.035042401403188705,0.03614424169063568,0.03724608197808266,0.03834792226552963,0.03944976255297661,0.040551602840423584,0.04165344312787056,0.042755283415317535,0.04385712370276451,0.04495896399021149,0.04606080427765846,0.04716264456510544,0.048264484852552414,0.04936632513999939],"_type":"histogram"},"avg_acceptance":0.9935333132743835,"avg_cost":2518.089599609375,"eval/avg_accepted_rate":0.9916666666666667,"epoch":50,"value_loss":528316.6233072917,"_wandb":{"runtime":41950},"actor_loss":0.0021555765635437435,"eval/avg_improvement_km":-24.184919357299805}