{"_runtime":1035,"_timestamp":1.764785153935931e+09,"avg_imp":-2633.796142578125,"epoch":1,"actor_loss":-0.0013815850640336673,"avg_reward":-153.20899963378906,"entropy":2.7692539744906957,"epsilon":1,"_step":0,"avg_cost":2629.007080078125,"_wandb":{"runtime":1035},"value_loss":3.784023940625e+06,"avg_pct_tmp":{"_type":"histogram","values":[4,4,10,19,15,33,41,32,37,37,38,43,30,28,22,18,16,19,6,7,14,8,1,1,4,2,4,3,1,0,0,3],"bins":[3.980276346206665,4.196536064147949,4.412795543670654,4.629055023193359,4.8453145027160645,5.0615739822387695,5.277833461761475,5.49409294128418,5.710352897644043,5.92661190032959,6.142871856689453,6.359131336212158,6.575390815734863,6.791650295257568,7.007909774780273,7.224169731140137,7.440428733825684,7.656688690185547,7.872947692871094,8.089207649230957,8.305466651916504,8.521726608276367,8.73798656463623,8.954245567321777,9.17050552368164,9.386764526367188,9.60302448272705,9.819283485412598,10.035543441772461,10.251803398132324,10.468062400817871,10.684322357177734,10.900581359863281]},"avg_acceptance":0.9045999050140381}