{"_runtime":213,"epoch":2,"actor_loss":-0.005031417441690185,"_wandb":{"runtime":213},"_timestamp":1.7648843157405164e+09,"avg_acceptance":0.25,"entropy":2.767251491546631,"value_loss":774200.5638020834,"avg_imp":-2236.14892578125,"epsilon":0.5,"_step":1,"avg_reward":-56.63549041748047,"avg_cost":2235.90576171875,"avg_pct_tmp":[2.8090107440948486,2.687044858932495,2.58400297164917,2.9789206981658936,2.3348686695098877,1.9471039772033691,1.968865990638733,2.6966404914855957,2.3205504417419434,2.490851879119873,3.0379908084869385,2.4640660285949707,3.1034417152404785,2.4285295009613037,2.7783501148223877,3.0830562114715576,2.786940574645996,3.088632583618164,2.5985658168792725,2.687725067138672]}