{"epsilon":0.25,"avg_acceptance":0.8033332824707031,"avg_imp":-2093.71630859375,"_step":2,"avg_reward":-214.8035125732422,"value_loss":1.2753887981770833e+06,"epoch":3,"_timestamp":1.7648838921299708e+09,"avg_pct_tmp":[12.870340347290039,13.954493522644043,13.795860290527344,10.262964248657227,8.123380661010742,13.473097801208496,10.47159481048584,17.69024658203125,9.436604499816895,10.412628173828125,9.750736236572266,9.573216438293457,9.827765464782715,10.852880477905273,10.595824241638184,14.417171478271484,10.436490058898926,15.134668350219727,13.089945793151855,13.18381118774414],"entropy":2.765577475229899,"actor_loss":0.34172068039576214,"avg_cost":2093.31494140625,"_runtime":258,"_wandb":{"runtime":258}}