{"value_loss":678309.9431857639,"eval/avg_baseline_cost":2300.46630859375,"_step":10,"entropy":1.2530482901467217,"avg_pct_tmp":{"values":[1,7,13,18,41,61,44,53,59,40,47,24,18,17,15,9,13,5,2,3,1,4,0,0,1,1,1,0,1,0,0,1],"bins":[0.3052715063095093,0.3332289457321167,0.3611863851547241,0.38914385437965393,0.41710129380226135,0.4450587332248688,0.4730162024497986,0.500973641872406,0.5289310812950134,0.5568885207176208,0.5848459601402283,0.6128034591674805,0.6407608985900879,0.6687183380126953,0.6966757774353027,0.7246332168579102,0.7525906562805176,0.780548095703125,0.8085055351257324,0.8364629745483398,0.8644204139709473,0.8923779129981995,0.9203353524208069,0.9482927918434143,0.9762502312660217,1.0042076110839844,1.0321650505065918,1.0601224899291992,1.0880800485610962,1.1160374879837036,1.143994927406311,1.1719523668289185,1.1999098062515259],"_type":"histogram"},"eval/avg_improvement_pct":-4.461400985717773,"avg_cost":2311.80810546875,"epoch":10,"eval/avg_cost":2321.484375,"avg_imp":-12.200486183166504,"eval/avg_improvement_km":-21.01813316345215,"actor_loss":0.024991114478972225,"avg_reward":-12.200486183166504,"avg_acceptance":0.9877333045005798,"_timestamp":1.7652248527929854e+09,"eval/avg_accepted_rate":0.9867333333333334,"_runtime":17698,"epsilon":0,"_wandb":{"runtime":17698}}