{"_wandb":{"runtime":11090},"value_loss":766610.2616666667,"eval/avg_improvement_pct":-12.685791969299316,"_step":12,"avg_imp":-290.15216064453125,"epsilon":1,"avg_acceptance":1,"avg_reward":-290.15216064453125,"epoch":12,"entropy":2.528056066830953,"eval/avg_improvement_km":-159.2856903076172,"eval/avg_accepted_rate":1,"eval/avg_cost":2243.318603515625,"_timestamp":1.7650514163091996e+09,"actor_loss":-0.034357023640768605,"avg_cost":2447.174072265625,"_runtime":11090,"eval/avg_baseline_cost":2084.03271484375,"avg_pct_tmp":{"bins":[8.312986373901367,8.853069305419922,9.393153190612793,9.933237075805664,10.473320007324219,11.013402938842773,11.553486824035645,12.093570709228516,12.63365364074707,13.173736572265625,13.713820457458496,14.253904342651367,14.793987274169922,15.334070205688477,15.874154090881348,16.41423797607422,16.954320907592773,17.494403839111328,18.034488677978516,18.57457160949707,19.114654541015625,19.65473747253418,20.194820404052734,20.734905242919922,21.274988174438477,21.81507110595703,22.35515594482422,22.895238876342773,23.435321807861328,23.975404739379883,24.51548957824707,25.055572509765625,25.59565544128418],"_type":"histogram","values":[5,6,6,20,41,30,37,33,40,42,44,33,24,31,21,10,13,11,11,2,8,6,8,3,4,1,2,1,2,3,1,1]}}