{"value_loss":622086.7708333334,"_step":3,"actor_loss":-0.0064350061293225735,"epsilon":0.125,"entropy":2.7650229136149087,"_wandb":{"runtime":168},"epoch":4,"avg_acceptance":0.30000001192092896,"_timestamp":1.7648212843463793e+09,"avg_imp":-2206.958251953125,"avg_pct_tmp":[0.9996844530105591,0.820012092590332,1.0734151601791382,0.8060301542282104,1.0504289865493774,1.2606078386306763,1.6197638511657715,0.8868061304092407,1.1507221460342407,1.5294954776763916],"_runtime":168,"avg_cost":2206.670166015625,"avg_reward":-23.21798324584961}