{"eval/avg_cost":2838.798583984375,"eval/avg_improvement_pct":-5.616511821746826,"_runtime":3461,"_wandb":{"runtime":3461},"_timestamp":1.7656638934925754e+09,"actor_loss":0.0641114984638989,"avg_imp":-49.007530212402344,"eval/avg_accepted_rate":1,"value_loss":1.0973828130208333e+06,"epoch":10,"avg_reward":-49.007530212402344,"avg_cost":2807.087890625,"avg_acceptance":1,"eval/avg_baseline_cost":2771.708984375,"eval/avg_improvement_km":-67.08939361572266,"epsilon":0,"avg_pct_tmp":{"values":[3,14,21,38,37,48,57,38,56,27,39,26,22,20,12,7,6,3,8,8,3,2,0,2,1,0,1,0,0,0,0,1],"bins":[1.1765028238296509,1.2529141902923584,1.3293256759643555,1.4057371616363525,1.48214852809906,1.5585598945617676,1.6349713802337646,1.7113828659057617,1.7877942323684692,1.8642055988311768,1.9406170845031738,2.017028570175171,2.093440055847168,2.169851303100586,2.246262788772583,2.32267427444458,2.399085521697998,2.475497245788574,2.551908493041992,2.62831974029541,2.7047314643859863,2.7811427116394043,2.8575541973114014,2.9339656829833984,3.0103769302368164,3.0867886543273926,3.1631999015808105,3.2396111488342285,3.3160228729248047,3.3924341201782227,3.4688453674316406,3.545257091522217,3.6216683387756348],"_type":"histogram"},"entropy":1.822921331723531,"_step":10}