{"avg_pct_tmp":[-0.2861132323741913,-0.25103452801704407,-0.2541458010673523,-0.21151767671108246,-0.4061387777328491,-0.2614486813545227,-0.2847113311290741,-0.21646398305892944,-0.21862731873989105,-0.3180898427963257,-0.25362905859947205,-0.27399110794067383,-0.3279729187488556,-0.36117449402809143,-0.2776893675327301,-0.17412148416042328,-0.25911691784858704,-0.2393338531255722,-0.26061204075813293,-0.20984171330928802],"avg_acceptance":0.26333335041999817,"_timestamp":1.7648857275090504e+09,"avg_reward":5.238999843597412,"epoch":1,"_runtime":97,"_step":0,"actor_loss":0.007946028762186566,"avg_imp":-2029.4967041015625,"entropy":2.7695977687835693,"value_loss":674128.2486979166,"epsilon":1,"_wandb":{"runtime":97},"avg_cost":2029.2008056640625}