{"avg_reward":-5.934689521789551,"avg_imp":-2137.106201171875,"_runtime":194,"entropy":2.7680216630299888,"avg_cost":2136.83837890625,"_timestamp":1.7648286692408717e+09,"avg_acceptance":0.2566666603088379,"_step":1,"actor_loss":-0.004143311191000976,"value_loss":824296.125,"avg_pct_tmp":[0.27027618885040283,0.3720109462738037,0.18614353239536285,0.2818162441253662,0.20977623760700226,0.37574008107185364,0.29220664501190186,0.32751935720443726,0.3119891881942749,0.2174283117055893,0.2649174928665161,0.42695483565330505,0.3907739520072937,0.2835938036441803,0.24422267079353333,0.24469928443431854,0.25827497243881226,0.23494602739810944,0.45826321840286255,0.24338802695274353],"_wandb":{"runtime":194},"epsilon":0.5,"epoch":2}