{"eval/avg_accepted_rate":0.9753,"entropy":0.6640337599648369,"value_loss":447142.9483940972,"avg_cost":2312.8115234375,"actor_loss":0.003493115616341432,"_wandb":{"runtime":23125},"eval/avg_cost":2330.291015625,"avg_acceptance":0.9881332516670227,"epsilon":0,"avg_reward":-10.522703170776367,"avg_pct_tmp":{"bins":[0.2871343791484833,0.30742350220680237,0.3277125954627991,0.34800171852111816,0.36829084157943726,0.38857993483543396,0.40886905789375305,0.42915815114974976,0.44944727420806885,0.46973639726638794,0.49002549052238464,0.5103145837783813,0.5306037068367004,0.5508928298950195,0.5711819529533386,0.5914710760116577,0.611760139465332,0.6320493221282959,0.6523383855819702,0.6726275086402893,0.6929166316986084,0.7132056951522827,0.7334948778152466,0.7537839412689209,0.77407306432724,0.7943621873855591,0.8146512508392334,0.8349404335021973,0.8552294969558716,0.8755186796188354,0.8958077430725098,0.9160968065261841,0.936385989189148],"_type":"histogram","values":[3,6,14,23,45,47,34,52,39,49,55,25,20,19,18,10,8,10,6,4,1,4,0,2,1,0,0,2,0,1,1,1]},"_step":18,"eval/avg_improvement_pct":-4.240202903747559,"_runtime":23125,"_timestamp":1.7651552207757082e+09,"avg_imp":-10.522703170776367,"eval/avg_improvement_km":-7.085715293884277,"epoch":18,"eval/avg_baseline_cost":2323.205322265625}