{"value_loss":537751.26953125,"epsilon":0,"eval/avg_cost":2323.171142578125,"avg_cost":2337.11474609375,"eval/avg_accepted_rate":1,"avg_pct_tmp":{"bins":[0.3240646421909332,0.3475141227245331,0.37096360325813293,0.3944130837917328,0.41786256432533264,0.4413120448589325,0.46476152539253235,0.4882110059261322,0.5116604566574097,0.5351099967956543,0.5585594177246094,0.582008957862854,0.6054583787918091,0.6289079189300537,0.6523573398590088,0.6758068799972534,0.6992563009262085,0.7227058410644531,0.7461552619934082,0.7696048021316528,0.7930542230606079,0.8165037631988525,0.8399531841278076,0.8634027242660522,0.8868521451950073,0.910301685333252,0.933751106262207,0.9572006464004517,0.9806500673294067,1.0040996074676514,1.0275490283966064,1.050998568534851,1.0744479894638062],"_type":"histogram","values":[3,7,21,25,40,46,49,53,40,57,28,30,16,14,19,6,9,9,9,2,1,3,0,4,3,1,1,0,1,1,0,2]},"_wandb":{"runtime":34442},"avg_acceptance":1,"eval/avg_improvement_pct":-3.294523000717163,"avg_reward":-11.976947784423828,"eval/avg_improvement_km":6.542112350463867,"entropy":0.9364979280365838,"actor_loss":-0.0005859305719948477,"eval/avg_baseline_cost":2329.71337890625,"avg_imp":-11.976947784423828,"_runtime":34442,"_timestamp":1.765325321449349e+09,"epoch":45,"_step":48}